departamento,anio,dia_semana,siniestros
AMAZONAS,2008,LUNES,55
AMAZONAS,2008,MARTES,55
AMAZONAS,2008,MIÉRCOLES,46
AMAZONAS,2008,JUEVES,30
AMAZONAS,2008,VIERNES,32
AMAZONAS,2008,SÁBADO,37
AMAZONAS,2008,DOMINGO,16
AMAZONAS,2009,LUNES,47
AMAZONAS,2009,MARTES,48
AMAZONAS,2009,MIÉRCOLES,45
AMAZONAS,2009,JUEVES,11
AMAZONAS,2009,VIERNES,21
AMAZONAS,2009,SÁBADO,26
AMAZONAS,2009,DOMINGO,22
AMAZONAS,2010,LUNES,18
AMAZONAS,2010,MARTES,19
AMAZONAS,2010,MIÉRCOLES,23
AMAZONAS,2010,JUEVES,16
AMAZONAS,2010,VIERNES,6
AMAZONAS,2010,SÁBADO,5
AMAZONAS,2010,DOMINGO,8
AMAZONAS,2011,LUNES,16
AMAZONAS,2011,MARTES,47
AMAZONAS,2011,MIÉRCOLES,55
AMAZONAS,2011,JUEVES,38
AMAZONAS,2011,VIERNES,45
AMAZONAS,2011,SÁBADO,26
AMAZONAS,2011,DOMINGO,12
AMAZONAS,2012,LUNES,39
AMAZONAS,2012,MARTES,56
AMAZONAS,2012,MIÉRCOLES,65
AMAZONAS,2012,JUEVES,61
AMAZONAS,2012,VIERNES,79
AMAZONAS,2012,SÁBADO,102
AMAZONAS,2012,DOMINGO,85
AMAZONAS,2013,LUNES,47
AMAZONAS,2013,MARTES,88
AMAZONAS,2013,MIÉRCOLES,46
AMAZONAS,2013,JUEVES,63
AMAZONAS,2013,VIERNES,67
AMAZONAS,2013,SÁBADO,94
AMAZONAS,2013,DOMINGO,137
AMAZONAS,2014,LUNES,61
AMAZONAS,2014,MARTES,46
AMAZONAS,2014,MIÉRCOLES,45
AMAZONAS,2014,JUEVES,60
AMAZONAS,2014,VIERNES,67
AMAZONAS,2014,SÁBADO,94
AMAZONAS,2014,DOMINGO,90
AMAZONAS,2015,LUNES,53
AMAZONAS,2015,MARTES,40
AMAZONAS,2015,MIÉRCOLES,37
AMAZONAS,2015,JUEVES,52
AMAZONAS,2015,VIERNES,61
AMAZONAS,2015,SÁBADO,71
AMAZONAS,2015,DOMINGO,67
AMAZONAS,2016,LUNES,79
AMAZONAS,2016,MARTES,108
AMAZONAS,2016,MIÉRCOLES,68
AMAZONAS,2016,JUEVES,104
AMAZONAS,2016,VIERNES,90
AMAZONAS,2016,SÁBADO,85
AMAZONAS,2016,DOMINGO,94
AMAZONAS,2017,LUNES,47
AMAZONAS,2017,MARTES,51
AMAZONAS,2017,MIÉRCOLES,54
AMAZONAS,2017,JUEVES,66
AMAZONAS,2017,VIERNES,61
AMAZONAS,2017,SÁBADO,70
AMAZONAS,2017,DOMINGO,74
AMAZONAS,2018,LUNES,39
AMAZONAS,2018,MARTES,36
AMAZONAS,2018,MIÉRCOLES,33
AMAZONAS,2018,JUEVES,54
AMAZONAS,2018,VIERNES,67
AMAZONAS,2018,SÁBADO,60
AMAZONAS,2018,DOMINGO,73
AMAZONAS,2019,LUNES,67
AMAZONAS,2019,MARTES,46
AMAZONAS,2019,MIÉRCOLES,72
AMAZONAS,2019,JUEVES,77
AMAZONAS,2019,VIERNES,78
AMAZONAS,2019,SÁBADO,73
AMAZONAS,2019,DOMINGO,88
AMAZONAS,2020,LUNES,45
AMAZONAS,2020,MARTES,37
AMAZONAS,2020,MIÉRCOLES,48
AMAZONAS,2020,JUEVES,45
AMAZONAS,2020,VIERNES,76
AMAZONAS,2020,SÁBADO,80
AMAZONAS,2020,DOMINGO,56
AMAZONAS,2021,LUNES,75
AMAZONAS,2021,MARTES,60
AMAZONAS,2021,MIÉRCOLES,50
AMAZONAS,2021,JUEVES,63
AMAZONAS,2021,VIERNES,85
AMAZONAS,2021,SÁBADO,77
AMAZONAS,2021,DOMINGO,63
AMAZONAS,2022,LUNES,42
AMAZONAS,2022,MARTES,82
AMAZONAS,2022,MIÉRCOLES,64
AMAZONAS,2022,JUEVES,88
AMAZONAS,2022,VIERNES,78
AMAZONAS,2022,SÁBADO,84
AMAZONAS,2022,DOMINGO,76
AMAZONAS,2023,LUNES,66
AMAZONAS,2023,MARTES,70
AMAZONAS,2023,MIÉRCOLES,71
AMAZONAS,2023,JUEVES,61
AMAZONAS,2023,VIERNES,84
AMAZONAS,2023,SÁBADO,75
AMAZONAS,2023,DOMINGO,87
AMAZONAS,2024,LUNES,66
AMAZONAS,2024,MARTES,52
AMAZONAS,2024,MIÉRCOLES,63
AMAZONAS,2024,JUEVES,68
AMAZONAS,2024,VIERNES,83
AMAZONAS,2024,SÁBADO,87
AMAZONAS,2024,DOMINGO,94
ANCASH,2008,LUNES,139
ANCASH,2008,MARTES,114
ANCASH,2008,MIÉRCOLES,135
ANCASH,2008,JUEVES,144
ANCASH,2008,VIERNES,309
ANCASH,2008,SÁBADO,440
ANCASH,2008,DOMINGO,335
ANCASH,2009,LUNES,197
ANCASH,2009,MARTES,189
ANCASH,2009,MIÉRCOLES,189
ANCASH,2009,JUEVES,314
ANCASH,2009,VIERNES,489
ANCASH,2009,SÁBADO,550
ANCASH,2009,DOMINGO,335
ANCASH,2010,LUNES,230
ANCASH,2010,MARTES,180
ANCASH,2010,MIÉRCOLES,241
ANCASH,2010,JUEVES,229
ANCASH,2010,VIERNES,407
ANCASH,2010,SÁBADO,398
ANCASH,2010,DOMINGO,261
ANCASH,2011,LUNES,264
ANCASH,2011,MARTES,231
ANCASH,2011,MIÉRCOLES,247
ANCASH,2011,JUEVES,241
ANCASH,2011,VIERNES,397
ANCASH,2011,SÁBADO,494
ANCASH,2011,DOMINGO,393
ANCASH,2012,LUNES,247
ANCASH,2012,MARTES,246
ANCASH,2012,MIÉRCOLES,251
ANCASH,2012,JUEVES,255
ANCASH,2012,VIERNES,457
ANCASH,2012,SÁBADO,477
ANCASH,2012,DOMINGO,365
ANCASH,2013,LUNES,243
ANCASH,2013,MARTES,252
ANCASH,2013,MIÉRCOLES,314
ANCASH,2013,JUEVES,312
ANCASH,2013,VIERNES,361
ANCASH,2013,SÁBADO,564
ANCASH,2013,DOMINGO,430
ANCASH,2014,LUNES,237
ANCASH,2014,MARTES,252
ANCASH,2014,MIÉRCOLES,283
ANCASH,2014,JUEVES,392
ANCASH,2014,VIERNES,448
ANCASH,2014,SÁBADO,514
ANCASH,2014,DOMINGO,351
ANCASH,2015,LUNES,210
ANCASH,2015,MARTES,222
ANCASH,2015,MIÉRCOLES,226
ANCASH,2015,JUEVES,185
ANCASH,2015,VIERNES,320
ANCASH,2015,SÁBADO,282
ANCASH,2015,DOMINGO,252
ANCASH,2016,LUNES,204
ANCASH,2016,MARTES,181
ANCASH,2016,MIÉRCOLES,192
ANCASH,2016,JUEVES,202
ANCASH,2016,VIERNES,250
ANCASH,2016,SÁBADO,308
ANCASH,2016,DOMINGO,194
ANCASH,2017,LUNES,241
ANCASH,2017,MARTES,239
ANCASH,2017,MIÉRCOLES,294
ANCASH,2017,JUEVES,209
ANCASH,2017,VIERNES,300
ANCASH,2017,SÁBADO,387
ANCASH,2017,DOMINGO,303
ANCASH,2018,LUNES,250
ANCASH,2018,MARTES,232
ANCASH,2018,MIÉRCOLES,232
ANCASH,2018,JUEVES,305
ANCASH,2018,VIERNES,373
ANCASH,2018,SÁBADO,405
ANCASH,2018,DOMINGO,264
ANCASH,2019,LUNES,245
ANCASH,2019,MARTES,231
ANCASH,2019,MIÉRCOLES,295
ANCASH,2019,JUEVES,257
ANCASH,2019,VIERNES,383
ANCASH,2019,SÁBADO,480
ANCASH,2019,DOMINGO,438
ANCASH,2020,LUNES,144
ANCASH,2020,MARTES,178
ANCASH,2020,MIÉRCOLES,194
ANCASH,2020,JUEVES,185
ANCASH,2020,VIERNES,198
ANCASH,2020,SÁBADO,226
ANCASH,2020,DOMINGO,154
ANCASH,2021,LUNES,290
ANCASH,2021,MARTES,266
ANCASH,2021,MIÉRCOLES,253
ANCASH,2021,JUEVES,291
ANCASH,2021,VIERNES,332
ANCASH,2021,SÁBADO,412
ANCASH,2021,DOMINGO,252
ANCASH,2022,LUNES,313
ANCASH,2022,MARTES,311
ANCASH,2022,MIÉRCOLES,328
ANCASH,2022,JUEVES,335
ANCASH,2022,VIERNES,402
ANCASH,2022,SÁBADO,465
ANCASH,2022,DOMINGO,299
ANCASH,2023,LUNES,320
ANCASH,2023,MARTES,302
ANCASH,2023,MIÉRCOLES,322
ANCASH,2023,JUEVES,329
ANCASH,2023,VIERNES,417
ANCASH,2023,SÁBADO,502
ANCASH,2023,DOMINGO,365
ANCASH,2024,LUNES,234
ANCASH,2024,MARTES,277
ANCASH,2024,MIÉRCOLES,298
ANCASH,2024,JUEVES,334
ANCASH,2024,VIERNES,402
ANCASH,2024,SÁBADO,446
ANCASH,2024,DOMINGO,227
APURIMAC,2008,LUNES,122
APURIMAC,2008,MARTES,39
APURIMAC,2008,MIÉRCOLES,79
APURIMAC,2008,JUEVES,46
APURIMAC,2008,VIERNES,79
APURIMAC,2008,SÁBADO,30
APURIMAC,2008,DOMINGO,33
APURIMAC,2009,LUNES,29
APURIMAC,2009,MARTES,22
APURIMAC,2009,MIÉRCOLES,29
APURIMAC,2009,JUEVES,24
APURIMAC,2009,VIERNES,30
APURIMAC,2009,SÁBADO,19
APURIMAC,2009,DOMINGO,30
APURIMAC,2010,LUNES,22
APURIMAC,2010,MARTES,29
APURIMAC,2010,MIÉRCOLES,13
APURIMAC,2010,JUEVES,18
APURIMAC,2010,VIERNES,17
APURIMAC,2010,SÁBADO,19
APURIMAC,2010,DOMINGO,13
APURIMAC,2011,LUNES,17
APURIMAC,2011,MARTES,20
APURIMAC,2011,MIÉRCOLES,27
APURIMAC,2011,JUEVES,18
APURIMAC,2011,VIERNES,55
APURIMAC,2011,SÁBADO,31
APURIMAC,2011,DOMINGO,17
APURIMAC,2012,LUNES,73
APURIMAC,2012,MARTES,48
APURIMAC,2012,MIÉRCOLES,59
APURIMAC,2012,JUEVES,86
APURIMAC,2012,VIERNES,151
APURIMAC,2012,SÁBADO,106
APURIMAC,2012,DOMINGO,93
APURIMAC,2013,LUNES,65
APURIMAC,2013,MARTES,60
APURIMAC,2013,MIÉRCOLES,55
APURIMAC,2013,JUEVES,71
APURIMAC,2013,VIERNES,100
APURIMAC,2013,SÁBADO,98
APURIMAC,2013,DOMINGO,76
APURIMAC,2014,LUNES,89
APURIMAC,2014,MARTES,80
APURIMAC,2014,MIÉRCOLES,99
APURIMAC,2014,JUEVES,94
APURIMAC,2014,VIERNES,109
APURIMAC,2014,SÁBADO,102
APURIMAC,2014,DOMINGO,70
APURIMAC,2015,LUNES,61
APURIMAC,2015,MARTES,62
APURIMAC,2015,MIÉRCOLES,57
APURIMAC,2015,JUEVES,95
APURIMAC,2015,VIERNES,101
APURIMAC,2015,SÁBADO,77
APURIMAC,2015,DOMINGO,78
APURIMAC,2016,LUNES,35
APURIMAC,2016,MARTES,36
APURIMAC,2016,MIÉRCOLES,44
APURIMAC,2016,JUEVES,55
APURIMAC,2016,VIERNES,81
APURIMAC,2016,SÁBADO,77
APURIMAC,2016,DOMINGO,35
APURIMAC,2017,LUNES,44
APURIMAC,2017,MARTES,67
APURIMAC,2017,MIÉRCOLES,65
APURIMAC,2017,JUEVES,63
APURIMAC,2017,VIERNES,70
APURIMAC,2017,SÁBADO,92
APURIMAC,2017,DOMINGO,72
APURIMAC,2018,LUNES,90
APURIMAC,2018,MARTES,92
APURIMAC,2018,MIÉRCOLES,87
APURIMAC,2018,JUEVES,95
APURIMAC,2018,VIERNES,163
APURIMAC,2018,SÁBADO,167
APURIMAC,2018,DOMINGO,124
APURIMAC,2019,LUNES,107
APURIMAC,2019,MARTES,81
APURIMAC,2019,MIÉRCOLES,97
APURIMAC,2019,JUEVES,125
APURIMAC,2019,VIERNES,143
APURIMAC,2019,SÁBADO,132
APURIMAC,2019,DOMINGO,123
APURIMAC,2020,LUNES,95
APURIMAC,2020,MARTES,79
APURIMAC,2020,MIÉRCOLES,85
APURIMAC,2020,JUEVES,110
APURIMAC,2020,VIERNES,87
APURIMAC,2020,SÁBADO,116
APURIMAC,2020,DOMINGO,65
APURIMAC,2021,LUNES,97
APURIMAC,2021,MARTES,131
APURIMAC,2021,MIÉRCOLES,119
APURIMAC,2021,JUEVES,146
APURIMAC,2021,VIERNES,157
APURIMAC,2021,SÁBADO,164
APURIMAC,2021,DOMINGO,110
APURIMAC,2022,LUNES,81
APURIMAC,2022,MARTES,90
APURIMAC,2022,MIÉRCOLES,112
APURIMAC,2022,JUEVES,122
APURIMAC,2022,VIERNES,114
APURIMAC,2022,SÁBADO,182
APURIMAC,2022,DOMINGO,159
APURIMAC,2023,LUNES,62
APURIMAC,2023,MARTES,48
APURIMAC,2023,MIÉRCOLES,79
APURIMAC,2023,JUEVES,75
APURIMAC,2023,VIERNES,137
APURIMAC,2023,SÁBADO,215
APURIMAC,2023,DOMINGO,104
APURIMAC,2024,LUNES,71
APURIMAC,2024,MARTES,82
APURIMAC,2024,MIÉRCOLES,105
APURIMAC,2024,JUEVES,100
APURIMAC,2024,VIERNES,140
APURIMAC,2024,SÁBADO,118
APURIMAC,2024,DOMINGO,87
AREQUIPA,2008,LUNES,829
AREQUIPA,2008,MARTES,706
AREQUIPA,2008,MIÉRCOLES,699
AREQUIPA,2008,JUEVES,740
AREQUIPA,2008,VIERNES,862
AREQUIPA,2008,SÁBADO,967
AREQUIPA,2008,DOMINGO,791
AREQUIPA,2009,LUNES,735
AREQUIPA,2009,MARTES,691
AREQUIPA,2009,MIÉRCOLES,708
AREQUIPA,2009,JUEVES,732
AREQUIPA,2009,VIERNES,883
AREQUIPA,2009,SÁBADO,867
AREQUIPA,2009,DOMINGO,677
AREQUIPA,2010,LUNES,683
AREQUIPA,2010,MARTES,690
AREQUIPA,2010,MIÉRCOLES,645
AREQUIPA,2010,JUEVES,659
AREQUIPA,2010,VIERNES,748
AREQUIPA,2010,SÁBADO,753
AREQUIPA,2010,DOMINGO,631
AREQUIPA,2011,LUNES,764
AREQUIPA,2011,MARTES,749
AREQUIPA,2011,MIÉRCOLES,719
AREQUIPA,2011,JUEVES,795
AREQUIPA,2011,VIERNES,971
AREQUIPA,2011,SÁBADO,1005
AREQUIPA,2011,DOMINGO,634
AREQUIPA,2012,LUNES,809
AREQUIPA,2012,MARTES,769
AREQUIPA,2012,MIÉRCOLES,744
AREQUIPA,2012,JUEVES,743
AREQUIPA,2012,VIERNES,851
AREQUIPA,2012,SÁBADO,990
AREQUIPA,2012,DOMINGO,798
AREQUIPA,2013,LUNES,839
AREQUIPA,2013,MARTES,840
AREQUIPA,2013,MIÉRCOLES,841
AREQUIPA,2013,JUEVES,827
AREQUIPA,2013,VIERNES,1056
AREQUIPA,2013,SÁBADO,1148
AREQUIPA,2013,DOMINGO,887
AREQUIPA,2014,LUNES,733
AREQUIPA,2014,MARTES,695
AREQUIPA,2014,MIÉRCOLES,754
AREQUIPA,2014,JUEVES,719
AREQUIPA,2014,VIERNES,894
AREQUIPA,2014,SÁBADO,1018
AREQUIPA,2014,DOMINGO,817
AREQUIPA,2015,LUNES,685
AREQUIPA,2015,MARTES,679
AREQUIPA,2015,MIÉRCOLES,678
AREQUIPA,2015,JUEVES,738
AREQUIPA,2015,VIERNES,807
AREQUIPA,2015,SÁBADO,906
AREQUIPA,2015,DOMINGO,689
AREQUIPA,2016,LUNES,658
AREQUIPA,2016,MARTES,703
AREQUIPA,2016,MIÉRCOLES,726
AREQUIPA,2016,JUEVES,706
AREQUIPA,2016,VIERNES,853
AREQUIPA,2016,SÁBADO,967
AREQUIPA,2016,DOMINGO,797
AREQUIPA,2017,LUNES,659
AREQUIPA,2017,MARTES,647
AREQUIPA,2017,MIÉRCOLES,699
AREQUIPA,2017,JUEVES,627
AREQUIPA,2017,VIERNES,881
AREQUIPA,2017,SÁBADO,944
AREQUIPA,2017,DOMINGO,700
AREQUIPA,2018,LUNES,651
AREQUIPA,2018,MARTES,584
AREQUIPA,2018,MIÉRCOLES,659
AREQUIPA,2018,JUEVES,665
AREQUIPA,2018,VIERNES,839
AREQUIPA,2018,SÁBADO,923
AREQUIPA,2018,DOMINGO,780
AREQUIPA,2019,LUNES,663
AREQUIPA,2019,MARTES,687
AREQUIPA,2019,MIÉRCOLES,665
AREQUIPA,2019,JUEVES,717
AREQUIPA,2019,VIERNES,790
AREQUIPA,2019,SÁBADO,907
AREQUIPA,2019,DOMINGO,713
AREQUIPA,2020,LUNES,384
AREQUIPA,2020,MARTES,373
AREQUIPA,2020,MIÉRCOLES,473
AREQUIPA,2020,JUEVES,461
AREQUIPA,2020,VIERNES,506
AREQUIPA,2020,SÁBADO,541
AREQUIPA,2020,DOMINGO,272
AREQUIPA,2021,LUNES,573
AREQUIPA,2021,MARTES,582
AREQUIPA,2021,MIÉRCOLES,607
AREQUIPA,2021,JUEVES,714
AREQUIPA,2021,VIERNES,779
AREQUIPA,2021,SÁBADO,790
AREQUIPA,2021,DOMINGO,556
AREQUIPA,2022,LUNES,604
AREQUIPA,2022,MARTES,678
AREQUIPA,2022,MIÉRCOLES,692
AREQUIPA,2022,JUEVES,647
AREQUIPA,2022,VIERNES,808
AREQUIPA,2022,SÁBADO,884
AREQUIPA,2022,DOMINGO,704
AREQUIPA,2023,LUNES,629
AREQUIPA,2023,MARTES,580
AREQUIPA,2023,MIÉRCOLES,764
AREQUIPA,2023,JUEVES,640
AREQUIPA,2023,VIERNES,823
AREQUIPA,2023,SÁBADO,1010
AREQUIPA,2023,DOMINGO,748
AREQUIPA,2024,LUNES,635
AREQUIPA,2024,MARTES,627
AREQUIPA,2024,MIÉRCOLES,717
AREQUIPA,2024,JUEVES,701
AREQUIPA,2024,VIERNES,964
AREQUIPA,2024,SÁBADO,1197
AREQUIPA,2024,DOMINGO,763
AYACUCHO,2008,LUNES,53
AYACUCHO,2008,MARTES,70
AYACUCHO,2008,MIÉRCOLES,50
AYACUCHO,2008,JUEVES,128
AYACUCHO,2008,VIERNES,193
AYACUCHO,2008,SÁBADO,150
AYACUCHO,2008,DOMINGO,108
AYACUCHO,2009,LUNES,62
AYACUCHO,2009,MARTES,65
AYACUCHO,2009,MIÉRCOLES,65
AYACUCHO,2009,JUEVES,68
AYACUCHO,2009,VIERNES,141
AYACUCHO,2009,SÁBADO,138
AYACUCHO,2009,DOMINGO,74
AYACUCHO,2010,LUNES,211
AYACUCHO,2010,MARTES,207
AYACUCHO,2010,MIÉRCOLES,169
AYACUCHO,2010,JUEVES,172
AYACUCHO,2010,VIERNES,282
AYACUCHO,2010,SÁBADO,221
AYACUCHO,2010,DOMINGO,218
AYACUCHO,2011,LUNES,124
AYACUCHO,2011,MARTES,122
AYACUCHO,2011,MIÉRCOLES,133
AYACUCHO,2011,JUEVES,148
AYACUCHO,2011,VIERNES,144
AYACUCHO,2011,SÁBADO,197
AYACUCHO,2011,DOMINGO,138
AYACUCHO,2012,LUNES,145
AYACUCHO,2012,MARTES,105
AYACUCHO,2012,MIÉRCOLES,107
AYACUCHO,2012,JUEVES,110
AYACUCHO,2012,VIERNES,147
AYACUCHO,2012,SÁBADO,181
AYACUCHO,2012,DOMINGO,115
AYACUCHO,2013,LUNES,118
AYACUCHO,2013,MARTES,113
AYACUCHO,2013,MIÉRCOLES,129
AYACUCHO,2013,JUEVES,132
AYACUCHO,2013,VIERNES,179
AYACUCHO,2013,SÁBADO,225
AYACUCHO,2013,DOMINGO,165
AYACUCHO,2014,LUNES,150
AYACUCHO,2014,MARTES,147
AYACUCHO,2014,MIÉRCOLES,123
AYACUCHO,2014,JUEVES,149
AYACUCHO,2014,VIERNES,200
AYACUCHO,2014,SÁBADO,183
AYACUCHO,2014,DOMINGO,149
AYACUCHO,2015,LUNES,184
AYACUCHO,2015,MARTES,205
AYACUCHO,2015,MIÉRCOLES,167
AYACUCHO,2015,JUEVES,174
AYACUCHO,2015,VIERNES,258
AYACUCHO,2015,SÁBADO,279
AYACUCHO,2015,DOMINGO,149
AYACUCHO,2016,LUNES,114
AYACUCHO,2016,MARTES,120
AYACUCHO,2016,MIÉRCOLES,117
AYACUCHO,2016,JUEVES,138
AYACUCHO,2016,VIERNES,173
AYACUCHO,2016,SÁBADO,178
AYACUCHO,2016,DOMINGO,130
AYACUCHO,2017,LUNES,98
AYACUCHO,2017,MARTES,94
AYACUCHO,2017,MIÉRCOLES,106
AYACUCHO,2017,JUEVES,120
AYACUCHO,2017,VIERNES,131
AYACUCHO,2017,SÁBADO,172
AYACUCHO,2017,DOMINGO,125
AYACUCHO,2018,LUNES,81
AYACUCHO,2018,MARTES,71
AYACUCHO,2018,MIÉRCOLES,64
AYACUCHO,2018,JUEVES,81
AYACUCHO,2018,VIERNES,133
AYACUCHO,2018,SÁBADO,176
AYACUCHO,2018,DOMINGO,90
AYACUCHO,2019,LUNES,80
AYACUCHO,2019,MARTES,87
AYACUCHO,2019,MIÉRCOLES,86
AYACUCHO,2019,JUEVES,100
AYACUCHO,2019,VIERNES,119
AYACUCHO,2019,SÁBADO,131
AYACUCHO,2019,DOMINGO,98
AYACUCHO,2020,LUNES,45
AYACUCHO,2020,MARTES,36
AYACUCHO,2020,MIÉRCOLES,44
AYACUCHO,2020,JUEVES,64
AYACUCHO,2020,VIERNES,66
AYACUCHO,2020,SÁBADO,95
AYACUCHO,2020,DOMINGO,60
AYACUCHO,2021,LUNES,64
AYACUCHO,2021,MARTES,81
AYACUCHO,2021,MIÉRCOLES,79
AYACUCHO,2021,JUEVES,64
AYACUCHO,2021,VIERNES,74
AYACUCHO,2021,SÁBADO,77
AYACUCHO,2021,DOMINGO,47
AYACUCHO,2022,LUNES,60
AYACUCHO,2022,MARTES,66
AYACUCHO,2022,MIÉRCOLES,70
AYACUCHO,2022,JUEVES,77
AYACUCHO,2022,VIERNES,69
AYACUCHO,2022,SÁBADO,72
AYACUCHO,2022,DOMINGO,40
AYACUCHO,2023,LUNES,47
AYACUCHO,2023,MARTES,59
AYACUCHO,2023,MIÉRCOLES,62
AYACUCHO,2023,JUEVES,78
AYACUCHO,2023,VIERNES,75
AYACUCHO,2023,SÁBADO,58
AYACUCHO,2023,DOMINGO,36
AYACUCHO,2024,LUNES,47
AYACUCHO,2024,MARTES,35
AYACUCHO,2024,MIÉRCOLES,61
AYACUCHO,2024,JUEVES,54
AYACUCHO,2024,VIERNES,144
AYACUCHO,2024,SÁBADO,123
AYACUCHO,2024,DOMINGO,85
CAJAMARCA,2008,LUNES,503
CAJAMARCA,2008,MARTES,365
CAJAMARCA,2008,MIÉRCOLES,366
CAJAMARCA,2008,JUEVES,360
CAJAMARCA,2008,VIERNES,530
CAJAMARCA,2008,SÁBADO,521
CAJAMARCA,2008,DOMINGO,425
CAJAMARCA,2009,LUNES,427
CAJAMARCA,2009,MARTES,381
CAJAMARCA,2009,MIÉRCOLES,330
CAJAMARCA,2009,JUEVES,413
CAJAMARCA,2009,VIERNES,759
CAJAMARCA,2009,SÁBADO,728
CAJAMARCA,2009,DOMINGO,552
CAJAMARCA,2010,LUNES,437
CAJAMARCA,2010,MARTES,359
CAJAMARCA,2010,MIÉRCOLES,436
CAJAMARCA,2010,JUEVES,406
CAJAMARCA,2010,VIERNES,466
CAJAMARCA,2010,SÁBADO,655
CAJAMARCA,2010,DOMINGO,422
CAJAMARCA,2011,LUNES,427
CAJAMARCA,2011,MARTES,365
CAJAMARCA,2011,MIÉRCOLES,436
CAJAMARCA,2011,JUEVES,376
CAJAMARCA,2011,VIERNES,454
CAJAMARCA,2011,SÁBADO,522
CAJAMARCA,2011,DOMINGO,365
CAJAMARCA,2012,LUNES,433
CAJAMARCA,2012,MARTES,385
CAJAMARCA,2012,MIÉRCOLES,390
CAJAMARCA,2012,JUEVES,423
CAJAMARCA,2012,VIERNES,519
CAJAMARCA,2012,SÁBADO,608
CAJAMARCA,2012,DOMINGO,428
CAJAMARCA,2013,LUNES,305
CAJAMARCA,2013,MARTES,300
CAJAMARCA,2013,MIÉRCOLES,330
CAJAMARCA,2013,JUEVES,420
CAJAMARCA,2013,VIERNES,569
CAJAMARCA,2013,SÁBADO,673
CAJAMARCA,2013,DOMINGO,559
CAJAMARCA,2014,LUNES,197
CAJAMARCA,2014,MARTES,184
CAJAMARCA,2014,MIÉRCOLES,231
CAJAMARCA,2014,JUEVES,285
CAJAMARCA,2014,VIERNES,392
CAJAMARCA,2014,SÁBADO,462
CAJAMARCA,2014,DOMINGO,368
CAJAMARCA,2015,LUNES,187
CAJAMARCA,2015,MARTES,159
CAJAMARCA,2015,MIÉRCOLES,152
CAJAMARCA,2015,JUEVES,141
CAJAMARCA,2015,VIERNES,208
CAJAMARCA,2015,SÁBADO,216
CAJAMARCA,2015,DOMINGO,213
CAJAMARCA,2016,LUNES,186
CAJAMARCA,2016,MARTES,160
CAJAMARCA,2016,MIÉRCOLES,161
CAJAMARCA,2016,JUEVES,145
CAJAMARCA,2016,VIERNES,243
CAJAMARCA,2016,SÁBADO,235
CAJAMARCA,2016,DOMINGO,182
CAJAMARCA,2017,LUNES,292
CAJAMARCA,2017,MARTES,224
CAJAMARCA,2017,MIÉRCOLES,217
CAJAMARCA,2017,JUEVES,246
CAJAMARCA,2017,VIERNES,250
CAJAMARCA,2017,SÁBADO,295
CAJAMARCA,2017,DOMINGO,253
CAJAMARCA,2018,LUNES,278
CAJAMARCA,2018,MARTES,257
CAJAMARCA,2018,MIÉRCOLES,262
CAJAMARCA,2018,JUEVES,325
CAJAMARCA,2018,VIERNES,300
CAJAMARCA,2018,SÁBADO,320
CAJAMARCA,2018,DOMINGO,335
CAJAMARCA,2019,LUNES,297
CAJAMARCA,2019,MARTES,225
CAJAMARCA,2019,MIÉRCOLES,227
CAJAMARCA,2019,JUEVES,239
CAJAMARCA,2019,VIERNES,428
CAJAMARCA,2019,SÁBADO,373
CAJAMARCA,2019,DOMINGO,298
CAJAMARCA,2020,LUNES,163
CAJAMARCA,2020,MARTES,161
CAJAMARCA,2020,MIÉRCOLES,183
CAJAMARCA,2020,JUEVES,159
CAJAMARCA,2020,VIERNES,219
CAJAMARCA,2020,SÁBADO,262
CAJAMARCA,2020,DOMINGO,156
CAJAMARCA,2021,LUNES,312
CAJAMARCA,2021,MARTES,318
CAJAMARCA,2021,MIÉRCOLES,282
CAJAMARCA,2021,JUEVES,292
CAJAMARCA,2021,VIERNES,336
CAJAMARCA,2021,SÁBADO,260
CAJAMARCA,2021,DOMINGO,206
CAJAMARCA,2022,LUNES,266
CAJAMARCA,2022,MARTES,225
CAJAMARCA,2022,MIÉRCOLES,306
CAJAMARCA,2022,JUEVES,347
CAJAMARCA,2022,VIERNES,330
CAJAMARCA,2022,SÁBADO,374
CAJAMARCA,2022,DOMINGO,260
CAJAMARCA,2023,LUNES,306
CAJAMARCA,2023,MARTES,219
CAJAMARCA,2023,MIÉRCOLES,244
CAJAMARCA,2023,JUEVES,259
CAJAMARCA,2023,VIERNES,370
CAJAMARCA,2023,SÁBADO,376
CAJAMARCA,2023,DOMINGO,318
CAJAMARCA,2024,LUNES,283
CAJAMARCA,2024,MARTES,257
CAJAMARCA,2024,MIÉRCOLES,286
CAJAMARCA,2024,JUEVES,300
CAJAMARCA,2024,VIERNES,306
CAJAMARCA,2024,SÁBADO,372
CAJAMARCA,2024,DOMINGO,474
CALLAO,2008,LUNES,475
CALLAO,2008,MARTES,289
CALLAO,2008,MIÉRCOLES,374
CALLAO,2008,JUEVES,405
CALLAO,2008,VIERNES,684
CALLAO,2008,SÁBADO,747
CALLAO,2008,DOMINGO,325
CALLAO,2009,LUNES,426
CALLAO,2009,MARTES,319
CALLAO,2009,MIÉRCOLES,360
CALLAO,2009,JUEVES,339
CALLAO,2009,VIERNES,614
CALLAO,2009,SÁBADO,717
CALLAO,2009,DOMINGO,337
CALLAO,2010,LUNES,436
CALLAO,2010,MARTES,320
CALLAO,2010,MIÉRCOLES,342
CALLAO,2010,JUEVES,349
CALLAO,2010,VIERNES,565
CALLAO,2010,SÁBADO,536
CALLAO,2010,DOMINGO,323
CALLAO,2011,LUNES,375
CALLAO,2011,MARTES,341
CALLAO,2011,MIÉRCOLES,382
CALLAO,2011,JUEVES,345
CALLAO,2011,VIERNES,578
CALLAO,2011,SÁBADO,604
CALLAO,2011,DOMINGO,306
CALLAO,2012,LUNES,476
CALLAO,2012,MARTES,410
CALLAO,2012,MIÉRCOLES,508
CALLAO,2012,JUEVES,493
CALLAO,2012,VIERNES,656
CALLAO,2012,SÁBADO,643
CALLAO,2012,DOMINGO,368
CALLAO,2013,LUNES,487
CALLAO,2013,MARTES,473
CALLAO,2013,MIÉRCOLES,540
CALLAO,2013,JUEVES,478
CALLAO,2013,VIERNES,607
CALLAO,2013,SÁBADO,595
CALLAO,2013,DOMINGO,363
CALLAO,2014,LUNES,509
CALLAO,2014,MARTES,436
CALLAO,2014,MIÉRCOLES,519
CALLAO,2014,JUEVES,445
CALLAO,2014,VIERNES,578
CALLAO,2014,SÁBADO,600
CALLAO,2014,DOMINGO,315
CALLAO,2015,LUNES,538
CALLAO,2015,MARTES,434
CALLAO,2015,MIÉRCOLES,509
CALLAO,2015,JUEVES,445
CALLAO,2015,VIERNES,625
CALLAO,2015,SÁBADO,624
CALLAO,2015,DOMINGO,379
CALLAO,2016,LUNES,497
CALLAO,2016,MARTES,377
CALLAO,2016,MIÉRCOLES,480
CALLAO,2016,JUEVES,466
CALLAO,2016,VIERNES,625
CALLAO,2016,SÁBADO,648
CALLAO,2016,DOMINGO,337
CALLAO,2017,LUNES,479
CALLAO,2017,MARTES,461
CALLAO,2017,MIÉRCOLES,452
CALLAO,2017,JUEVES,468
CALLAO,2017,VIERNES,568
CALLAO,2017,SÁBADO,674
CALLAO,2017,DOMINGO,300
CALLAO,2018,LUNES,476
CALLAO,2018,MARTES,433
CALLAO,2018,MIÉRCOLES,439
CALLAO,2018,JUEVES,427
CALLAO,2018,VIERNES,532
CALLAO,2018,SÁBADO,663
CALLAO,2018,DOMINGO,447
CALLAO,2019,LUNES,406
CALLAO,2019,MARTES,414
CALLAO,2019,MIÉRCOLES,435
CALLAO,2019,JUEVES,433
CALLAO,2019,VIERNES,535
CALLAO,2019,SÁBADO,551
CALLAO,2019,DOMINGO,359
CALLAO,2020,LUNES,257
CALLAO,2020,MARTES,245
CALLAO,2020,MIÉRCOLES,285
CALLAO,2020,JUEVES,280
CALLAO,2020,VIERNES,344
CALLAO,2020,SÁBADO,397
CALLAO,2020,DOMINGO,200
CALLAO,2021,LUNES,414
CALLAO,2021,MARTES,329
CALLAO,2021,MIÉRCOLES,391
CALLAO,2021,JUEVES,408
CALLAO,2021,VIERNES,430
CALLAO,2021,SÁBADO,514
CALLAO,2021,DOMINGO,287
CALLAO,2022,LUNES,411
CALLAO,2022,MARTES,330
CALLAO,2022,MIÉRCOLES,390
CALLAO,2022,JUEVES,399
CALLAO,2022,VIERNES,412
CALLAO,2022,SÁBADO,491
CALLAO,2022,DOMINGO,290
CALLAO,2023,LUNES,450
CALLAO,2023,MARTES,397
CALLAO,2023,MIÉRCOLES,407
CALLAO,2023,JUEVES,432
CALLAO,2023,VIERNES,461
CALLAO,2023,SÁBADO,535
CALLAO,2023,DOMINGO,363
CALLAO,2024,LUNES,463
CALLAO,2024,MARTES,419
CALLAO,2024,MIÉRCOLES,467
CALLAO,2024,JUEVES,417
CALLAO,2024,VIERNES,525
CALLAO,2024,SÁBADO,595
CALLAO,2024,DOMINGO,346
CUSCO,2008,LUNES,350
CUSCO,2008,MARTES,317
CUSCO,2008,MIÉRCOLES,325
CUSCO,2008,JUEVES,326
CUSCO,2008,VIERNES,412
CUSCO,2008,SÁBADO,480
CUSCO,2008,DOMINGO,304
CUSCO,2009,LUNES,232
CUSCO,2009,MARTES,206
CUSCO,2009,MIÉRCOLES,234
CUSCO,2009,JUEVES,252
CUSCO,2009,VIERNES,318
CUSCO,2009,SÁBADO,298
CUSCO,2009,DOMINGO,234
CUSCO,2010,LUNES,41
CUSCO,2010,MARTES,64
CUSCO,2010,MIÉRCOLES,41
CUSCO,2010,JUEVES,77
CUSCO,2010,VIERNES,53
CUSCO,2010,SÁBADO,61
CUSCO,2010,DOMINGO,69
CUSCO,2011,LUNES,66
CUSCO,2011,MARTES,61
CUSCO,2011,MIÉRCOLES,98
CUSCO,2011,JUEVES,84
CUSCO,2011,VIERNES,84
CUSCO,2011,SÁBADO,71
CUSCO,2011,DOMINGO,85
CUSCO,2012,LUNES,177
CUSCO,2012,MARTES,183
CUSCO,2012,MIÉRCOLES,245
CUSCO,2012,JUEVES,273
CUSCO,2012,VIERNES,470
CUSCO,2012,SÁBADO,434
CUSCO,2012,DOMINGO,175
CUSCO,2013,LUNES,551
CUSCO,2013,MARTES,480
CUSCO,2013,MIÉRCOLES,516
CUSCO,2013,JUEVES,463
CUSCO,2013,VIERNES,709
CUSCO,2013,SÁBADO,783
CUSCO,2013,DOMINGO,507
CUSCO,2014,LUNES,519
CUSCO,2014,MARTES,511
CUSCO,2014,MIÉRCOLES,506
CUSCO,2014,JUEVES,551
CUSCO,2014,VIERNES,702
CUSCO,2014,SÁBADO,740
CUSCO,2014,DOMINGO,571
CUSCO,2015,LUNES,578
CUSCO,2015,MARTES,553
CUSCO,2015,MIÉRCOLES,609
CUSCO,2015,JUEVES,585
CUSCO,2015,VIERNES,753
CUSCO,2015,SÁBADO,873
CUSCO,2015,DOMINGO,653
CUSCO,2016,LUNES,432
CUSCO,2016,MARTES,400
CUSCO,2016,MIÉRCOLES,398
CUSCO,2016,JUEVES,460
CUSCO,2016,VIERNES,584
CUSCO,2016,SÁBADO,620
CUSCO,2016,DOMINGO,472
CUSCO,2017,LUNES,448
CUSCO,2017,MARTES,406
CUSCO,2017,MIÉRCOLES,403
CUSCO,2017,JUEVES,403
CUSCO,2017,VIERNES,526
CUSCO,2017,SÁBADO,616
CUSCO,2017,DOMINGO,433
CUSCO,2018,LUNES,548
CUSCO,2018,MARTES,466
CUSCO,2018,MIÉRCOLES,515
CUSCO,2018,JUEVES,531
CUSCO,2018,VIERNES,685
CUSCO,2018,SÁBADO,727
CUSCO,2018,DOMINGO,538
CUSCO,2019,LUNES,518
CUSCO,2019,MARTES,500
CUSCO,2019,MIÉRCOLES,502
CUSCO,2019,JUEVES,537
CUSCO,2019,VIERNES,721
CUSCO,2019,SÁBADO,732
CUSCO,2019,DOMINGO,540
CUSCO,2020,LUNES,313
CUSCO,2020,MARTES,296
CUSCO,2020,MIÉRCOLES,291
CUSCO,2020,JUEVES,389
CUSCO,2020,VIERNES,415
CUSCO,2020,SÁBADO,411
CUSCO,2020,DOMINGO,203
CUSCO,2021,LUNES,370
CUSCO,2021,MARTES,402
CUSCO,2021,MIÉRCOLES,408
CUSCO,2021,JUEVES,446
CUSCO,2021,VIERNES,496
CUSCO,2021,SÁBADO,542
CUSCO,2021,DOMINGO,332
CUSCO,2022,LUNES,510
CUSCO,2022,MARTES,382
CUSCO,2022,MIÉRCOLES,455
CUSCO,2022,JUEVES,474
CUSCO,2022,VIERNES,604
CUSCO,2022,SÁBADO,533
CUSCO,2022,DOMINGO,407
CUSCO,2023,LUNES,393
CUSCO,2023,MARTES,402
CUSCO,2023,MIÉRCOLES,423
CUSCO,2023,JUEVES,445
CUSCO,2023,VIERNES,602
CUSCO,2023,SÁBADO,568
CUSCO,2023,DOMINGO,401
CUSCO,2024,LUNES,446
CUSCO,2024,MARTES,382
CUSCO,2024,MIÉRCOLES,425
CUSCO,2024,JUEVES,521
CUSCO,2024,VIERNES,626
CUSCO,2024,SÁBADO,717
CUSCO,2024,DOMINGO,458
HUANCAVELICA,2008,LUNES,3
HUANCAVELICA,2008,MARTES,5
HUANCAVELICA,2008,MIÉRCOLES,3
HUANCAVELICA,2008,JUEVES,7
HUANCAVELICA,2008,VIERNES,8
HUANCAVELICA,2008,SÁBADO,15
HUANCAVELICA,2008,DOMINGO,6
HUANCAVELICA,2009,LUNES,4
HUANCAVELICA,2009,MARTES,5
HUANCAVELICA,2009,MIÉRCOLES,9
HUANCAVELICA,2009,JUEVES,15
HUANCAVELICA,2009,VIERNES,9
HUANCAVELICA,2009,SÁBADO,7
HUANCAVELICA,2009,DOMINGO,7
HUANCAVELICA,2010,LUNES,12
HUANCAVELICA,2010,MARTES,6
HUANCAVELICA,2010,MIÉRCOLES,17
HUANCAVELICA,2010,JUEVES,13
HUANCAVELICA,2010,VIERNES,8
HUANCAVELICA,2010,SÁBADO,8
HUANCAVELICA,2010,DOMINGO,7
HUANCAVELICA,2011,LUNES,3
HUANCAVELICA,2011,MARTES,3
HUANCAVELICA,2011,MIÉRCOLES,5
HUANCAVELICA,2011,JUEVES,6
HUANCAVELICA,2011,VIERNES,7
HUANCAVELICA,2011,SÁBADO,4
HUANCAVELICA,2011,DOMINGO,22
HUANCAVELICA,2012,LUNES,30
HUANCAVELICA,2012,MARTES,64
HUANCAVELICA,2012,MIÉRCOLES,20
HUANCAVELICA,2012,JUEVES,13
HUANCAVELICA,2012,VIERNES,18
HUANCAVELICA,2012,SÁBADO,15
HUANCAVELICA,2012,DOMINGO,14
HUANCAVELICA,2013,LUNES,13
HUANCAVELICA,2013,MARTES,9
HUANCAVELICA,2013,MIÉRCOLES,14
HUANCAVELICA,2013,JUEVES,12
HUANCAVELICA,2013,VIERNES,12
HUANCAVELICA,2013,SÁBADO,15
HUANCAVELICA,2013,DOMINGO,11
HUANCAVELICA,2014,LUNES,21
HUANCAVELICA,2014,MARTES,27
HUANCAVELICA,2014,MIÉRCOLES,23
HUANCAVELICA,2014,JUEVES,47
HUANCAVELICA,2014,VIERNES,32
HUANCAVELICA,2014,SÁBADO,25
HUANCAVELICA,2014,DOMINGO,26
HUANCAVELICA,2015,LUNES,31
HUANCAVELICA,2015,MARTES,32
HUANCAVELICA,2015,MIÉRCOLES,35
HUANCAVELICA,2015,JUEVES,53
HUANCAVELICA,2015,VIERNES,44
HUANCAVELICA,2015,SÁBADO,35
HUANCAVELICA,2015,DOMINGO,19
HUANCAVELICA,2016,LUNES,38
HUANCAVELICA,2016,MARTES,53
HUANCAVELICA,2016,MIÉRCOLES,39
HUANCAVELICA,2016,JUEVES,51
HUANCAVELICA,2016,VIERNES,37
HUANCAVELICA,2016,SÁBADO,47
HUANCAVELICA,2016,DOMINGO,30
HUANCAVELICA,2017,LUNES,13
HUANCAVELICA,2017,MARTES,33
HUANCAVELICA,2017,MIÉRCOLES,32
HUANCAVELICA,2017,JUEVES,25
HUANCAVELICA,2017,VIERNES,42
HUANCAVELICA,2017,SÁBADO,33
HUANCAVELICA,2017,DOMINGO,42
HUANCAVELICA,2018,LUNES,25
HUANCAVELICA,2018,MARTES,27
HUANCAVELICA,2018,MIÉRCOLES,36
HUANCAVELICA,2018,JUEVES,38
HUANCAVELICA,2018,VIERNES,46
HUANCAVELICA,2018,SÁBADO,52
HUANCAVELICA,2018,DOMINGO,33
HUANCAVELICA,2019,LUNES,28
HUANCAVELICA,2019,MARTES,43
HUANCAVELICA,2019,MIÉRCOLES,37
HUANCAVELICA,2019,JUEVES,55
HUANCAVELICA,2019,VIERNES,49
HUANCAVELICA,2019,SÁBADO,42
HUANCAVELICA,2019,DOMINGO,40
HUANCAVELICA,2020,LUNES,21
HUANCAVELICA,2020,MARTES,18
HUANCAVELICA,2020,MIÉRCOLES,25
HUANCAVELICA,2020,JUEVES,32
HUANCAVELICA,2020,VIERNES,36
HUANCAVELICA,2020,SÁBADO,28
HUANCAVELICA,2020,DOMINGO,10
HUANCAVELICA,2021,LUNES,27
HUANCAVELICA,2021,MARTES,34
HUANCAVELICA,2021,MIÉRCOLES,34
HUANCAVELICA,2021,JUEVES,39
HUANCAVELICA,2021,VIERNES,37
HUANCAVELICA,2021,SÁBADO,36
HUANCAVELICA,2021,DOMINGO,35
HUANCAVELICA,2022,LUNES,34
HUANCAVELICA,2022,MARTES,31
HUANCAVELICA,2022,MIÉRCOLES,24
HUANCAVELICA,2022,JUEVES,19
HUANCAVELICA,2022,VIERNES,29
HUANCAVELICA,2022,SÁBADO,35
HUANCAVELICA,2022,DOMINGO,28
HUANCAVELICA,2023,LUNES,23
HUANCAVELICA,2023,MARTES,31
HUANCAVELICA,2023,MIÉRCOLES,41
HUANCAVELICA,2023,JUEVES,24
HUANCAVELICA,2023,VIERNES,22
HUANCAVELICA,2023,SÁBADO,47
HUANCAVELICA,2023,DOMINGO,32
HUANCAVELICA,2024,LUNES,26
HUANCAVELICA,2024,MARTES,26
HUANCAVELICA,2024,MIÉRCOLES,41
HUANCAVELICA,2024,JUEVES,29
HUANCAVELICA,2024,VIERNES,27
HUANCAVELICA,2024,SÁBADO,31
HUANCAVELICA,2024,DOMINGO,21
HUANUCO,2008,LUNES,53
HUANUCO,2008,MARTES,36
HUANUCO,2008,MIÉRCOLES,44
HUANUCO,2008,JUEVES,68
HUANUCO,2008,VIERNES,100
HUANUCO,2008,SÁBADO,88
HUANUCO,2008,DOMINGO,67
HUANUCO,2009,LUNES,93
HUANUCO,2009,MARTES,87
HUANUCO,2009,MIÉRCOLES,92
HUANUCO,2009,JUEVES,76
HUANUCO,2009,VIERNES,124
HUANUCO,2009,SÁBADO,117
HUANUCO,2009,DOMINGO,84
HUANUCO,2010,LUNES,60
HUANUCO,2010,MARTES,59
HUANUCO,2010,MIÉRCOLES,50
HUANUCO,2010,JUEVES,52
HUANUCO,2010,VIERNES,116
HUANUCO,2010,SÁBADO,110
HUANUCO,2010,DOMINGO,61
HUANUCO,2011,LUNES,102
HUANUCO,2011,MARTES,65
HUANUCO,2011,MIÉRCOLES,84
HUANUCO,2011,JUEVES,91
HUANUCO,2011,VIERNES,208
HUANUCO,2011,SÁBADO,172
HUANUCO,2011,DOMINGO,79
HUANUCO,2012,LUNES,185
HUANUCO,2012,MARTES,108
HUANUCO,2012,MIÉRCOLES,105
HUANUCO,2012,JUEVES,109
HUANUCO,2012,VIERNES,218
HUANUCO,2012,SÁBADO,226
HUANUCO,2012,DOMINGO,119
HUANUCO,2013,LUNES,223
HUANUCO,2013,MARTES,153
HUANUCO,2013,MIÉRCOLES,181
HUANUCO,2013,JUEVES,160
HUANUCO,2013,VIERNES,313
HUANUCO,2013,SÁBADO,371
HUANUCO,2013,DOMINGO,247
HUANUCO,2014,LUNES,503
HUANUCO,2014,MARTES,417
HUANUCO,2014,MIÉRCOLES,484
HUANUCO,2014,JUEVES,527
HUANUCO,2014,VIERNES,826
HUANUCO,2014,SÁBADO,896
HUANUCO,2014,DOMINGO,630
HUANUCO,2015,LUNES,282
HUANUCO,2015,MARTES,289
HUANUCO,2015,MIÉRCOLES,317
HUANUCO,2015,JUEVES,366
HUANUCO,2015,VIERNES,580
HUANUCO,2015,SÁBADO,527
HUANUCO,2015,DOMINGO,347
HUANUCO,2016,LUNES,219
HUANUCO,2016,MARTES,206
HUANUCO,2016,MIÉRCOLES,241
HUANUCO,2016,JUEVES,283
HUANUCO,2016,VIERNES,424
HUANUCO,2016,SÁBADO,416
HUANUCO,2016,DOMINGO,278
HUANUCO,2017,LUNES,121
HUANUCO,2017,MARTES,126
HUANUCO,2017,MIÉRCOLES,175
HUANUCO,2017,JUEVES,223
HUANUCO,2017,VIERNES,343
HUANUCO,2017,SÁBADO,428
HUANUCO,2017,DOMINGO,308
HUANUCO,2018,LUNES,78
HUANUCO,2018,MARTES,94
HUANUCO,2018,MIÉRCOLES,116
HUANUCO,2018,JUEVES,98
HUANUCO,2018,VIERNES,136
HUANUCO,2018,SÁBADO,207
HUANUCO,2018,DOMINGO,80
HUANUCO,2019,LUNES,96
HUANUCO,2019,MARTES,141
HUANUCO,2019,MIÉRCOLES,78
HUANUCO,2019,JUEVES,157
HUANUCO,2019,VIERNES,163
HUANUCO,2019,SÁBADO,257
HUANUCO,2019,DOMINGO,170
HUANUCO,2020,LUNES,111
HUANUCO,2020,MARTES,88
HUANUCO,2020,MIÉRCOLES,122
HUANUCO,2020,JUEVES,105
HUANUCO,2020,VIERNES,120
HUANUCO,2020,SÁBADO,174
HUANUCO,2020,DOMINGO,102
HUANUCO,2021,LUNES,135
HUANUCO,2021,MARTES,142
HUANUCO,2021,MIÉRCOLES,144
HUANUCO,2021,JUEVES,168
HUANUCO,2021,VIERNES,202
HUANUCO,2021,SÁBADO,269
HUANUCO,2021,DOMINGO,139
HUANUCO,2022,LUNES,127
HUANUCO,2022,MARTES,139
HUANUCO,2022,MIÉRCOLES,150
HUANUCO,2022,JUEVES,167
HUANUCO,2022,VIERNES,225
HUANUCO,2022,SÁBADO,270
HUANUCO,2022,DOMINGO,182
HUANUCO,2023,LUNES,166
HUANUCO,2023,MARTES,152
HUANUCO,2023,MIÉRCOLES,180
HUANUCO,2023,JUEVES,165
HUANUCO,2023,VIERNES,219
HUANUCO,2023,SÁBADO,234
HUANUCO,2023,DOMINGO,174
HUANUCO,2024,LUNES,124
HUANUCO,2024,MARTES,136
HUANUCO,2024,MIÉRCOLES,156
HUANUCO,2024,JUEVES,143
HUANUCO,2024,VIERNES,194
HUANUCO,2024,SÁBADO,229
HUANUCO,2024,DOMINGO,179
ICA,2008,LUNES,192
ICA,2008,MARTES,185
ICA,2008,MIÉRCOLES,175
ICA,2008,JUEVES,193
ICA,2008,VIERNES,210
ICA,2008,SÁBADO,228
ICA,2008,DOMINGO,221
ICA,2009,LUNES,214
ICA,2009,MARTES,101
ICA,2009,MIÉRCOLES,206
ICA,2009,JUEVES,202
ICA,2009,VIERNES,276
ICA,2009,SÁBADO,250
ICA,2009,DOMINGO,176
ICA,2010,LUNES,206
ICA,2010,MARTES,184
ICA,2010,MIÉRCOLES,212
ICA,2010,JUEVES,228
ICA,2010,VIERNES,252
ICA,2010,SÁBADO,285
ICA,2010,DOMINGO,206
ICA,2011,LUNES,188
ICA,2011,MARTES,222
ICA,2011,MIÉRCOLES,194
ICA,2011,JUEVES,211
ICA,2011,VIERNES,286
ICA,2011,SÁBADO,302
ICA,2011,DOMINGO,181
ICA,2012,LUNES,176
ICA,2012,MARTES,210
ICA,2012,MIÉRCOLES,197
ICA,2012,JUEVES,199
ICA,2012,VIERNES,324
ICA,2012,SÁBADO,323
ICA,2012,DOMINGO,206
ICA,2013,LUNES,238
ICA,2013,MARTES,249
ICA,2013,MIÉRCOLES,205
ICA,2013,JUEVES,283
ICA,2013,VIERNES,322
ICA,2013,SÁBADO,396
ICA,2013,DOMINGO,214
ICA,2014,LUNES,140
ICA,2014,MARTES,177
ICA,2014,MIÉRCOLES,157
ICA,2014,JUEVES,245
ICA,2014,VIERNES,283
ICA,2014,SÁBADO,372
ICA,2014,DOMINGO,138
ICA,2015,LUNES,120
ICA,2015,MARTES,176
ICA,2015,MIÉRCOLES,147
ICA,2015,JUEVES,162
ICA,2015,VIERNES,185
ICA,2015,SÁBADO,224
ICA,2015,DOMINGO,158
ICA,2016,LUNES,125
ICA,2016,MARTES,126
ICA,2016,MIÉRCOLES,109
ICA,2016,JUEVES,156
ICA,2016,VIERNES,189
ICA,2016,SÁBADO,212
ICA,2016,DOMINGO,130
ICA,2017,LUNES,149
ICA,2017,MARTES,110
ICA,2017,MIÉRCOLES,146
ICA,2017,JUEVES,156
ICA,2017,VIERNES,195
ICA,2017,SÁBADO,237
ICA,2017,DOMINGO,188
ICA,2018,LUNES,142
ICA,2018,MARTES,145
ICA,2018,MIÉRCOLES,151
ICA,2018,JUEVES,171
ICA,2018,VIERNES,217
ICA,2018,SÁBADO,277
ICA,2018,DOMINGO,200
ICA,2019,LUNES,205
ICA,2019,MARTES,170
ICA,2019,MIÉRCOLES,208
ICA,2019,JUEVES,181
ICA,2019,VIERNES,277
ICA,2019,SÁBADO,408
ICA,2019,DOMINGO,285
ICA,2020,LUNES,108
ICA,2020,MARTES,114
ICA,2020,MIÉRCOLES,129
ICA,2020,JUEVES,145
ICA,2020,VIERNES,156
ICA,2020,SÁBADO,235
ICA,2020,DOMINGO,116
ICA,2021,LUNES,178
ICA,2021,MARTES,182
ICA,2021,MIÉRCOLES,203
ICA,2021,JUEVES,231
ICA,2021,VIERNES,284
ICA,2021,SÁBADO,351
ICA,2021,DOMINGO,221
ICA,2022,LUNES,216
ICA,2022,MARTES,209
ICA,2022,MIÉRCOLES,314
ICA,2022,JUEVES,267
ICA,2022,VIERNES,380
ICA,2022,SÁBADO,496
ICA,2022,DOMINGO,272
ICA,2023,LUNES,289
ICA,2023,MARTES,241
ICA,2023,MIÉRCOLES,228
ICA,2023,JUEVES,219
ICA,2023,VIERNES,346
ICA,2023,SÁBADO,493
ICA,2023,DOMINGO,338
ICA,2024,LUNES,206
ICA,2024,MARTES,193
ICA,2024,MIÉRCOLES,220
ICA,2024,JUEVES,250
ICA,2024,VIERNES,400
ICA,2024,SÁBADO,632
ICA,2024,DOMINGO,380
JUNIN,2008,LUNES,208
JUNIN,2008,MARTES,226
JUNIN,2008,MIÉRCOLES,172
JUNIN,2008,JUEVES,204
JUNIN,2008,VIERNES,303
JUNIN,2008,SÁBADO,394
JUNIN,2008,DOMINGO,382
JUNIN,2009,LUNES,196
JUNIN,2009,MARTES,193
JUNIN,2009,MIÉRCOLES,218
JUNIN,2009,JUEVES,258
JUNIN,2009,VIERNES,326
JUNIN,2009,SÁBADO,351
JUNIN,2009,DOMINGO,277
JUNIN,2010,LUNES,214
JUNIN,2010,MARTES,241
JUNIN,2010,MIÉRCOLES,267
JUNIN,2010,JUEVES,258
JUNIN,2010,VIERNES,394
JUNIN,2010,SÁBADO,621
JUNIN,2010,DOMINGO,338
JUNIN,2011,LUNES,232
JUNIN,2011,MARTES,233
JUNIN,2011,MIÉRCOLES,259
JUNIN,2011,JUEVES,294
JUNIN,2011,VIERNES,319
JUNIN,2011,SÁBADO,409
JUNIN,2011,DOMINGO,392
JUNIN,2012,LUNES,438
JUNIN,2012,MARTES,371
JUNIN,2012,MIÉRCOLES,417
JUNIN,2012,JUEVES,390
JUNIN,2012,VIERNES,481
JUNIN,2012,SÁBADO,561
JUNIN,2012,DOMINGO,515
JUNIN,2013,LUNES,432
JUNIN,2013,MARTES,451
JUNIN,2013,MIÉRCOLES,477
JUNIN,2013,JUEVES,482
JUNIN,2013,VIERNES,493
JUNIN,2013,SÁBADO,685
JUNIN,2013,DOMINGO,584
JUNIN,2014,LUNES,320
JUNIN,2014,MARTES,336
JUNIN,2014,MIÉRCOLES,287
JUNIN,2014,JUEVES,365
JUNIN,2014,VIERNES,409
JUNIN,2014,SÁBADO,542
JUNIN,2014,DOMINGO,452
JUNIN,2015,LUNES,312
JUNIN,2015,MARTES,295
JUNIN,2015,MIÉRCOLES,292
JUNIN,2015,JUEVES,303
JUNIN,2015,VIERNES,312
JUNIN,2015,SÁBADO,466
JUNIN,2015,DOMINGO,387
JUNIN,2016,LUNES,307
JUNIN,2016,MARTES,312
JUNIN,2016,MIÉRCOLES,309
JUNIN,2016,JUEVES,348
JUNIN,2016,VIERNES,383
JUNIN,2016,SÁBADO,365
JUNIN,2016,DOMINGO,354
JUNIN,2017,LUNES,336
JUNIN,2017,MARTES,298
JUNIN,2017,MIÉRCOLES,307
JUNIN,2017,JUEVES,300
JUNIN,2017,VIERNES,379
JUNIN,2017,SÁBADO,481
JUNIN,2017,DOMINGO,356
JUNIN,2018,LUNES,290
JUNIN,2018,MARTES,333
JUNIN,2018,MIÉRCOLES,318
JUNIN,2018,JUEVES,312
JUNIN,2018,VIERNES,414
JUNIN,2018,SÁBADO,423
JUNIN,2018,DOMINGO,339
JUNIN,2019,LUNES,423
JUNIN,2019,MARTES,383
JUNIN,2019,MIÉRCOLES,408
JUNIN,2019,JUEVES,393
JUNIN,2019,VIERNES,594
JUNIN,2019,SÁBADO,541
JUNIN,2019,DOMINGO,426
JUNIN,2020,LUNES,280
JUNIN,2020,MARTES,318
JUNIN,2020,MIÉRCOLES,308
JUNIN,2020,JUEVES,383
JUNIN,2020,VIERNES,383
JUNIN,2020,SÁBADO,398
JUNIN,2020,DOMINGO,241
JUNIN,2021,LUNES,455
JUNIN,2021,MARTES,438
JUNIN,2021,MIÉRCOLES,430
JUNIN,2021,JUEVES,435
JUNIN,2021,VIERNES,559
JUNIN,2021,SÁBADO,634
JUNIN,2021,DOMINGO,385
JUNIN,2022,LUNES,439
JUNIN,2022,MARTES,440
JUNIN,2022,MIÉRCOLES,562
JUNIN,2022,JUEVES,455
JUNIN,2022,VIERNES,545
JUNIN,2022,SÁBADO,635
JUNIN,2022,DOMINGO,588
JUNIN,2023,LUNES,449
JUNIN,2023,MARTES,430
JUNIN,2023,MIÉRCOLES,524
JUNIN,2023,JUEVES,543
JUNIN,2023,VIERNES,592
JUNIN,2023,SÁBADO,686
JUNIN,2023,DOMINGO,580
JUNIN,2024,LUNES,337
JUNIN,2024,MARTES,443
JUNIN,2024,MIÉRCOLES,433
JUNIN,2024,JUEVES,438
JUNIN,2024,VIERNES,510
JUNIN,2024,SÁBADO,547
JUNIN,2024,DOMINGO,416
LA LIBERTAD,2008,LUNES,745
LA LIBERTAD,2008,MARTES,574
LA LIBERTAD,2008,MIÉRCOLES,449
LA LIBERTAD,2008,JUEVES,466
LA LIBERTAD,2008,VIERNES,576
LA LIBERTAD,2008,SÁBADO,645
LA LIBERTAD,2008,DOMINGO,571
LA LIBERTAD,2009,LUNES,594
LA LIBERTAD,2009,MARTES,441
LA LIBERTAD,2009,MIÉRCOLES,472
LA LIBERTAD,2009,JUEVES,412
LA LIBERTAD,2009,VIERNES,585
LA LIBERTAD,2009,SÁBADO,577
LA LIBERTAD,2009,DOMINGO,544
LA LIBERTAD,2010,LUNES,619
LA LIBERTAD,2010,MARTES,419
LA LIBERTAD,2010,MIÉRCOLES,446
LA LIBERTAD,2010,JUEVES,457
LA LIBERTAD,2010,VIERNES,639
LA LIBERTAD,2010,SÁBADO,664
LA LIBERTAD,2010,DOMINGO,484
LA LIBERTAD,2011,LUNES,783
LA LIBERTAD,2011,MARTES,485
LA LIBERTAD,2011,MIÉRCOLES,443
LA LIBERTAD,2011,JUEVES,492
LA LIBERTAD,2011,VIERNES,586
LA LIBERTAD,2011,SÁBADO,540
LA LIBERTAD,2011,DOMINGO,461
LA LIBERTAD,2012,LUNES,836
LA LIBERTAD,2012,MARTES,592
LA LIBERTAD,2012,MIÉRCOLES,520
LA LIBERTAD,2012,JUEVES,549
LA LIBERTAD,2012,VIERNES,707
LA LIBERTAD,2012,SÁBADO,751
LA LIBERTAD,2012,DOMINGO,666
LA LIBERTAD,2013,LUNES,934
LA LIBERTAD,2013,MARTES,562
LA LIBERTAD,2013,MIÉRCOLES,626
LA LIBERTAD,2013,JUEVES,518
LA LIBERTAD,2013,VIERNES,683
LA LIBERTAD,2013,SÁBADO,859
LA LIBERTAD,2013,DOMINGO,605
LA LIBERTAD,2014,LUNES,715
LA LIBERTAD,2014,MARTES,579
LA LIBERTAD,2014,MIÉRCOLES,659
LA LIBERTAD,2014,JUEVES,538
LA LIBERTAD,2014,VIERNES,670
LA LIBERTAD,2014,SÁBADO,777
LA LIBERTAD,2014,DOMINGO,720
LA LIBERTAD,2015,LUNES,672
LA LIBERTAD,2015,MARTES,587
LA LIBERTAD,2015,MIÉRCOLES,564
LA LIBERTAD,2015,JUEVES,566
LA LIBERTAD,2015,VIERNES,731
LA LIBERTAD,2015,SÁBADO,958
LA LIBERTAD,2015,DOMINGO,775
LA LIBERTAD,2016,LUNES,645
LA LIBERTAD,2016,MARTES,565
LA LIBERTAD,2016,MIÉRCOLES,517
LA LIBERTAD,2016,JUEVES,512
LA LIBERTAD,2016,VIERNES,696
LA LIBERTAD,2016,SÁBADO,988
LA LIBERTAD,2016,DOMINGO,781
LA LIBERTAD,2017,LUNES,604
LA LIBERTAD,2017,MARTES,489
LA LIBERTAD,2017,MIÉRCOLES,562
LA LIBERTAD,2017,JUEVES,530
LA LIBERTAD,2017,VIERNES,735
LA LIBERTAD,2017,SÁBADO,928
LA LIBERTAD,2017,DOMINGO,756
LA LIBERTAD,2018,LUNES,887
LA LIBERTAD,2018,MARTES,642
LA LIBERTAD,2018,MIÉRCOLES,717
LA LIBERTAD,2018,JUEVES,628
LA LIBERTAD,2018,VIERNES,851
LA LIBERTAD,2018,SÁBADO,1102
LA LIBERTAD,2018,DOMINGO,819
LA LIBERTAD,2019,LUNES,840
LA LIBERTAD,2019,MARTES,747
LA LIBERTAD,2019,MIÉRCOLES,739
LA LIBERTAD,2019,JUEVES,743
LA LIBERTAD,2019,VIERNES,1029
LA LIBERTAD,2019,SÁBADO,1190
LA LIBERTAD,2019,DOMINGO,1009
LA LIBERTAD,2020,LUNES,514
LA LIBERTAD,2020,MARTES,391
LA LIBERTAD,2020,MIÉRCOLES,440
LA LIBERTAD,2020,JUEVES,440
LA LIBERTAD,2020,VIERNES,535
LA LIBERTAD,2020,SÁBADO,647
LA LIBERTAD,2020,DOMINGO,377
LA LIBERTAD,2021,LUNES,669
LA LIBERTAD,2021,MARTES,535
LA LIBERTAD,2021,MIÉRCOLES,585
LA LIBERTAD,2021,JUEVES,647
LA LIBERTAD,2021,VIERNES,700
LA LIBERTAD,2021,SÁBADO,746
LA LIBERTAD,2021,DOMINGO,485
LA LIBERTAD,2022,LUNES,653
LA LIBERTAD,2022,MARTES,484
LA LIBERTAD,2022,MIÉRCOLES,539
LA LIBERTAD,2022,JUEVES,629
LA LIBERTAD,2022,VIERNES,762
LA LIBERTAD,2022,SÁBADO,778
LA LIBERTAD,2022,DOMINGO,605
LA LIBERTAD,2023,LUNES,539
LA LIBERTAD,2023,MARTES,524
LA LIBERTAD,2023,MIÉRCOLES,524
LA LIBERTAD,2023,JUEVES,601
LA LIBERTAD,2023,VIERNES,698
LA LIBERTAD,2023,SÁBADO,762
LA LIBERTAD,2023,DOMINGO,502
LA LIBERTAD,2024,LUNES,558
LA LIBERTAD,2024,MARTES,560
LA LIBERTAD,2024,MIÉRCOLES,532
LA LIBERTAD,2024,JUEVES,590
LA LIBERTAD,2024,VIERNES,636
LA LIBERTAD,2024,SÁBADO,703
LA LIBERTAD,2024,DOMINGO,512
LAMBAYEQUE,2008,LUNES,93
LAMBAYEQUE,2008,MARTES,85
LAMBAYEQUE,2008,MIÉRCOLES,94
LAMBAYEQUE,2008,JUEVES,66
LAMBAYEQUE,2008,VIERNES,82
LAMBAYEQUE,2008,SÁBADO,74
LAMBAYEQUE,2008,DOMINGO,103
LAMBAYEQUE,2009,LUNES,156
LAMBAYEQUE,2009,MARTES,127
LAMBAYEQUE,2009,MIÉRCOLES,116
LAMBAYEQUE,2009,JUEVES,104
LAMBAYEQUE,2009,VIERNES,139
LAMBAYEQUE,2009,SÁBADO,133
LAMBAYEQUE,2009,DOMINGO,134
LAMBAYEQUE,2010,LUNES,256
LAMBAYEQUE,2010,MARTES,194
LAMBAYEQUE,2010,MIÉRCOLES,184
LAMBAYEQUE,2010,JUEVES,230
LAMBAYEQUE,2010,VIERNES,215
LAMBAYEQUE,2010,SÁBADO,200
LAMBAYEQUE,2010,DOMINGO,234
LAMBAYEQUE,2011,LUNES,346
LAMBAYEQUE,2011,MARTES,257
LAMBAYEQUE,2011,MIÉRCOLES,268
LAMBAYEQUE,2011,JUEVES,292
LAMBAYEQUE,2011,VIERNES,284
LAMBAYEQUE,2011,SÁBADO,373
LAMBAYEQUE,2011,DOMINGO,321
LAMBAYEQUE,2012,LUNES,416
LAMBAYEQUE,2012,MARTES,382
LAMBAYEQUE,2012,MIÉRCOLES,338
LAMBAYEQUE,2012,JUEVES,321
LAMBAYEQUE,2012,VIERNES,446
LAMBAYEQUE,2012,SÁBADO,492
LAMBAYEQUE,2012,DOMINGO,532
LAMBAYEQUE,2013,LUNES,422
LAMBAYEQUE,2013,MARTES,416
LAMBAYEQUE,2013,MIÉRCOLES,354
LAMBAYEQUE,2013,JUEVES,370
LAMBAYEQUE,2013,VIERNES,499
LAMBAYEQUE,2013,SÁBADO,581
LAMBAYEQUE,2013,DOMINGO,533
LAMBAYEQUE,2014,LUNES,399
LAMBAYEQUE,2014,MARTES,408
LAMBAYEQUE,2014,MIÉRCOLES,384
LAMBAYEQUE,2014,JUEVES,384
LAMBAYEQUE,2014,VIERNES,538
LAMBAYEQUE,2014,SÁBADO,678
LAMBAYEQUE,2014,DOMINGO,551
LAMBAYEQUE,2015,LUNES,288
LAMBAYEQUE,2015,MARTES,204
LAMBAYEQUE,2015,MIÉRCOLES,252
LAMBAYEQUE,2015,JUEVES,244
LAMBAYEQUE,2015,VIERNES,333
LAMBAYEQUE,2015,SÁBADO,544
LAMBAYEQUE,2015,DOMINGO,475
LAMBAYEQUE,2016,LUNES,385
LAMBAYEQUE,2016,MARTES,433
LAMBAYEQUE,2016,MIÉRCOLES,316
LAMBAYEQUE,2016,JUEVES,330
LAMBAYEQUE,2016,VIERNES,447
LAMBAYEQUE,2016,SÁBADO,476
LAMBAYEQUE,2016,DOMINGO,417
LAMBAYEQUE,2017,LUNES,479
LAMBAYEQUE,2017,MARTES,412
LAMBAYEQUE,2017,MIÉRCOLES,397
LAMBAYEQUE,2017,JUEVES,402
LAMBAYEQUE,2017,VIERNES,440
LAMBAYEQUE,2017,SÁBADO,565
LAMBAYEQUE,2017,DOMINGO,493
LAMBAYEQUE,2018,LUNES,456
LAMBAYEQUE,2018,MARTES,400
LAMBAYEQUE,2018,MIÉRCOLES,377
LAMBAYEQUE,2018,JUEVES,384
LAMBAYEQUE,2018,VIERNES,509
LAMBAYEQUE,2018,SÁBADO,528
LAMBAYEQUE,2018,DOMINGO,522
LAMBAYEQUE,2019,LUNES,539
LAMBAYEQUE,2019,MARTES,487
LAMBAYEQUE,2019,MIÉRCOLES,489
LAMBAYEQUE,2019,JUEVES,486
LAMBAYEQUE,2019,VIERNES,583
LAMBAYEQUE,2019,SÁBADO,645
LAMBAYEQUE,2019,DOMINGO,601
LAMBAYEQUE,2020,LUNES,277
LAMBAYEQUE,2020,MARTES,321
LAMBAYEQUE,2020,MIÉRCOLES,286
LAMBAYEQUE,2020,JUEVES,287
LAMBAYEQUE,2020,VIERNES,395
LAMBAYEQUE,2020,SÁBADO,424
LAMBAYEQUE,2020,DOMINGO,273
LAMBAYEQUE,2021,LUNES,307
LAMBAYEQUE,2021,MARTES,308
LAMBAYEQUE,2021,MIÉRCOLES,337
LAMBAYEQUE,2021,JUEVES,380
LAMBAYEQUE,2021,VIERNES,420
LAMBAYEQUE,2021,SÁBADO,434
LAMBAYEQUE,2021,DOMINGO,356
LAMBAYEQUE,2022,LUNES,359
LAMBAYEQUE,2022,MARTES,423
LAMBAYEQUE,2022,MIÉRCOLES,376
LAMBAYEQUE,2022,JUEVES,442
LAMBAYEQUE,2022,VIERNES,483
LAMBAYEQUE,2022,SÁBADO,576
LAMBAYEQUE,2022,DOMINGO,478
LAMBAYEQUE,2023,LUNES,366
LAMBAYEQUE,2023,MARTES,393
LAMBAYEQUE,2023,MIÉRCOLES,364
LAMBAYEQUE,2023,JUEVES,352
LAMBAYEQUE,2023,VIERNES,410
LAMBAYEQUE,2023,SÁBADO,556
LAMBAYEQUE,2023,DOMINGO,527
LAMBAYEQUE,2024,LUNES,386
LAMBAYEQUE,2024,MARTES,411
LAMBAYEQUE,2024,MIÉRCOLES,416
LAMBAYEQUE,2024,JUEVES,485
LAMBAYEQUE,2024,VIERNES,540
LAMBAYEQUE,2024,SÁBADO,703
LAMBAYEQUE,2024,DOMINGO,583
LIMA,2008,LUNES,6850
LIMA,2008,MARTES,6366
LIMA,2008,MIÉRCOLES,6734
LIMA,2008,JUEVES,7307
LIMA,2008,VIERNES,9470
LIMA,2008,SÁBADO,9930
LIMA,2008,DOMINGO,6027
LIMA,2009,LUNES,6801
LIMA,2009,MARTES,6489
LIMA,2009,MIÉRCOLES,6845
LIMA,2009,JUEVES,7287
LIMA,2009,VIERNES,9404
LIMA,2009,SÁBADO,9997
LIMA,2009,DOMINGO,6093
LIMA,2010,LUNES,6738
LIMA,2010,MARTES,6342
LIMA,2010,MIÉRCOLES,6592
LIMA,2010,JUEVES,6988
LIMA,2010,VIERNES,9027
LIMA,2010,SÁBADO,9188
LIMA,2010,DOMINGO,5645
LIMA,2011,LUNES,6992
LIMA,2011,MARTES,6258
LIMA,2011,MIÉRCOLES,6237
LIMA,2011,JUEVES,6841
LIMA,2011,VIERNES,8704
LIMA,2011,SÁBADO,9293
LIMA,2011,DOMINGO,5552
LIMA,2012,LUNES,7301
LIMA,2012,MARTES,6307
LIMA,2012,MIÉRCOLES,6644
LIMA,2012,JUEVES,6932
LIMA,2012,VIERNES,9169
LIMA,2012,SÁBADO,10329
LIMA,2012,DOMINGO,5899
LIMA,2013,LUNES,7416
LIMA,2013,MARTES,6735
LIMA,2013,MIÉRCOLES,6989
LIMA,2013,JUEVES,7477
LIMA,2013,VIERNES,9691
LIMA,2013,SÁBADO,10162
LIMA,2013,DOMINGO,5892
LIMA,2014,LUNES,7370
LIMA,2014,MARTES,6626
LIMA,2014,MIÉRCOLES,6601
LIMA,2014,JUEVES,7436
LIMA,2014,VIERNES,9910
LIMA,2014,SÁBADO,10133
LIMA,2014,DOMINGO,5848
LIMA,2015,LUNES,7088
LIMA,2015,MARTES,6119
LIMA,2015,MIÉRCOLES,6736
LIMA,2015,JUEVES,7241
LIMA,2015,VIERNES,9757
LIMA,2015,SÁBADO,10383
LIMA,2015,DOMINGO,5981
LIMA,2016,LUNES,6377
LIMA,2016,MARTES,5690
LIMA,2016,MIÉRCOLES,6337
LIMA,2016,JUEVES,7139
LIMA,2016,VIERNES,9161
LIMA,2016,SÁBADO,9127
LIMA,2016,DOMINGO,5473
LIMA,2017,LUNES,6492
LIMA,2017,MARTES,6044
LIMA,2017,MIÉRCOLES,6614
LIMA,2017,JUEVES,6776
LIMA,2017,VIERNES,8419
LIMA,2017,SÁBADO,8972
LIMA,2017,DOMINGO,5891
LIMA,2018,LUNES,7072
LIMA,2018,MARTES,6026
LIMA,2018,MIÉRCOLES,6637
LIMA,2018,JUEVES,6384
LIMA,2018,VIERNES,8055
LIMA,2018,SÁBADO,8937
LIMA,2018,DOMINGO,6225
LIMA,2019,LUNES,6965
LIMA,2019,MARTES,6152
LIMA,2019,MIÉRCOLES,6555
LIMA,2019,JUEVES,6687
LIMA,2019,VIERNES,8701
LIMA,2019,SÁBADO,8571
LIMA,2019,DOMINGO,6201
LIMA,2020,LUNES,3883
LIMA,2020,MARTES,3621
LIMA,2020,MIÉRCOLES,4126
LIMA,2020,JUEVES,4210
LIMA,2020,VIERNES,5128
LIMA,2020,SÁBADO,5100
LIMA,2020,DOMINGO,3117
LIMA,2021,LUNES,4844
LIMA,2021,MARTES,4604
LIMA,2021,MIÉRCOLES,4926
LIMA,2021,JUEVES,5267
LIMA,2021,VIERNES,5688
LIMA,2021,SÁBADO,6478
LIMA,2021,DOMINGO,4041
LIMA,2022,LUNES,5367
LIMA,2022,MARTES,5180
LIMA,2022,MIÉRCOLES,5522
LIMA,2022,JUEVES,5859
LIMA,2022,VIERNES,6844
LIMA,2022,SÁBADO,7151
LIMA,2022,DOMINGO,5188
LIMA,2023,LUNES,6083
LIMA,2023,MARTES,5742
LIMA,2023,MIÉRCOLES,6210
LIMA,2023,JUEVES,6369
LIMA,2023,VIERNES,7141
LIMA,2023,SÁBADO,7474
LIMA,2023,DOMINGO,5976
LIMA,2024,LUNES,6282
LIMA,2024,MARTES,5560
LIMA,2024,MIÉRCOLES,6027
LIMA,2024,JUEVES,6106
LIMA,2024,VIERNES,6722
LIMA,2024,SÁBADO,7154
LIMA,2024,DOMINGO,5935
LORETO,2008,LUNES,130
LORETO,2008,MARTES,102
LORETO,2008,MIÉRCOLES,121
LORETO,2008,JUEVES,149
LORETO,2008,VIERNES,177
LORETO,2008,SÁBADO,229
LORETO,2008,DOMINGO,173
LORETO,2009,LUNES,173
LORETO,2009,MARTES,90
LORETO,2009,MIÉRCOLES,116
LORETO,2009,JUEVES,105
LORETO,2009,VIERNES,176
LORETO,2009,SÁBADO,237
LORETO,2009,DOMINGO,195
LORETO,2010,LUNES,123
LORETO,2010,MARTES,107
LORETO,2010,MIÉRCOLES,119
LORETO,2010,JUEVES,142
LORETO,2010,VIERNES,184
LORETO,2010,SÁBADO,245
LORETO,2010,DOMINGO,157
LORETO,2011,LUNES,66
LORETO,2011,MARTES,72
LORETO,2011,MIÉRCOLES,91
LORETO,2011,JUEVES,106
LORETO,2011,VIERNES,144
LORETO,2011,SÁBADO,201
LORETO,2011,DOMINGO,140
LORETO,2012,LUNES,39
LORETO,2012,MARTES,32
LORETO,2012,MIÉRCOLES,59
LORETO,2012,JUEVES,57
LORETO,2012,VIERNES,81
LORETO,2012,SÁBADO,135
LORETO,2012,DOMINGO,66
LORETO,2013,LUNES,24
LORETO,2013,MARTES,18
LORETO,2013,MIÉRCOLES,17
LORETO,2013,JUEVES,30
LORETO,2013,VIERNES,72
LORETO,2013,SÁBADO,76
LORETO,2013,DOMINGO,28
LORETO,2014,LUNES,44
LORETO,2014,MARTES,22
LORETO,2014,MIÉRCOLES,34
LORETO,2014,JUEVES,63
LORETO,2014,VIERNES,66
LORETO,2014,SÁBADO,125
LORETO,2014,DOMINGO,56
LORETO,2015,LUNES,50
LORETO,2015,MARTES,32
LORETO,2015,MIÉRCOLES,55
LORETO,2015,JUEVES,41
LORETO,2015,VIERNES,55
LORETO,2015,SÁBADO,103
LORETO,2015,DOMINGO,58
LORETO,2016,LUNES,40
LORETO,2016,MARTES,33
LORETO,2016,MIÉRCOLES,22
LORETO,2016,JUEVES,16
LORETO,2016,VIERNES,64
LORETO,2016,SÁBADO,98
LORETO,2016,DOMINGO,86
LORETO,2017,LUNES,42
LORETO,2017,MARTES,36
LORETO,2017,MIÉRCOLES,39
LORETO,2017,JUEVES,40
LORETO,2017,VIERNES,89
LORETO,2017,SÁBADO,120
LORETO,2017,DOMINGO,76
LORETO,2018,LUNES,38
LORETO,2018,MARTES,29
LORETO,2018,MIÉRCOLES,27
LORETO,2018,JUEVES,23
LORETO,2018,VIERNES,37
LORETO,2018,SÁBADO,52
LORETO,2018,DOMINGO,73
LORETO,2019,LUNES,58
LORETO,2019,MARTES,39
LORETO,2019,MIÉRCOLES,30
LORETO,2019,JUEVES,41
LORETO,2019,VIERNES,54
LORETO,2019,SÁBADO,69
LORETO,2019,DOMINGO,44
LORETO,2020,LUNES,31
LORETO,2020,MARTES,27
LORETO,2020,MIÉRCOLES,21
LORETO,2020,JUEVES,37
LORETO,2020,VIERNES,33
LORETO,2020,SÁBADO,35
LORETO,2020,DOMINGO,27
LORETO,2021,LUNES,26
LORETO,2021,MARTES,21
LORETO,2021,MIÉRCOLES,28
LORETO,2021,JUEVES,27
LORETO,2021,VIERNES,28
LORETO,2021,SÁBADO,22
LORETO,2021,DOMINGO,22
LORETO,2022,LUNES,26
LORETO,2022,MARTES,18
LORETO,2022,MIÉRCOLES,24
LORETO,2022,JUEVES,23
LORETO,2022,VIERNES,20
LORETO,2022,SÁBADO,29
LORETO,2022,DOMINGO,26
LORETO,2023,LUNES,39
LORETO,2023,MARTES,33
LORETO,2023,MIÉRCOLES,16
LORETO,2023,JUEVES,32
LORETO,2023,VIERNES,34
LORETO,2023,SÁBADO,44
LORETO,2023,DOMINGO,34
LORETO,2024,LUNES,29
LORETO,2024,MARTES,48
LORETO,2024,MIÉRCOLES,45
LORETO,2024,JUEVES,51
LORETO,2024,VIERNES,46
LORETO,2024,SÁBADO,41
LORETO,2024,DOMINGO,47
MADRE DE DIOS,2008,LUNES,6
MADRE DE DIOS,2008,MARTES,5
MADRE DE DIOS,2008,MIÉRCOLES,14
MADRE DE DIOS,2008,JUEVES,7
MADRE DE DIOS,2008,VIERNES,34
MADRE DE DIOS,2008,SÁBADO,38
MADRE DE DIOS,2008,DOMINGO,8
MADRE DE DIOS,2009,LUNES,3
MADRE DE DIOS,2009,MARTES,5
MADRE DE DIOS,2009,MIÉRCOLES,13
MADRE DE DIOS,2009,JUEVES,10
MADRE DE DIOS,2009,VIERNES,13
MADRE DE DIOS,2009,SÁBADO,24
MADRE DE DIOS,2009,DOMINGO,8
MADRE DE DIOS,2010,LUNES,2
MADRE DE DIOS,2010,MARTES,3
MADRE DE DIOS,2010,MIÉRCOLES,6
MADRE DE DIOS,2010,JUEVES,11
MADRE DE DIOS,2010,VIERNES,19
MADRE DE DIOS,2010,SÁBADO,18
MADRE DE DIOS,2010,DOMINGO,0
MADRE DE DIOS,2011,LUNES,1
MADRE DE DIOS,2011,MARTES,5
MADRE DE DIOS,2011,MIÉRCOLES,11
MADRE DE DIOS,2011,JUEVES,10
MADRE DE DIOS,2011,VIERNES,21
MADRE DE DIOS,2011,SÁBADO,26
MADRE DE DIOS,2011,DOMINGO,6
MADRE DE DIOS,2012,LUNES,3
MADRE DE DIOS,2012,MARTES,2
MADRE DE DIOS,2012,MIÉRCOLES,0
MADRE DE DIOS,2012,JUEVES,4
MADRE DE DIOS,2012,VIERNES,51
MADRE DE DIOS,2012,SÁBADO,82
MADRE DE DIOS,2012,DOMINGO,6
MADRE DE DIOS,2013,LUNES,45
MADRE DE DIOS,2013,MARTES,51
MADRE DE DIOS,2013,MIÉRCOLES,48
MADRE DE DIOS,2013,JUEVES,55
MADRE DE DIOS,2013,VIERNES,91
MADRE DE DIOS,2013,SÁBADO,134
MADRE DE DIOS,2013,DOMINGO,55
MADRE DE DIOS,2014,LUNES,37
MADRE DE DIOS,2014,MARTES,61
MADRE DE DIOS,2014,MIÉRCOLES,48
MADRE DE DIOS,2014,JUEVES,67
MADRE DE DIOS,2014,VIERNES,80
MADRE DE DIOS,2014,SÁBADO,131
MADRE DE DIOS,2014,DOMINGO,86
MADRE DE DIOS,2015,LUNES,48
MADRE DE DIOS,2015,MARTES,47
MADRE DE DIOS,2015,MIÉRCOLES,32
MADRE DE DIOS,2015,JUEVES,65
MADRE DE DIOS,2015,VIERNES,85
MADRE DE DIOS,2015,SÁBADO,109
MADRE DE DIOS,2015,DOMINGO,102
MADRE DE DIOS,2016,LUNES,101
MADRE DE DIOS,2016,MARTES,73
MADRE DE DIOS,2016,MIÉRCOLES,88
MADRE DE DIOS,2016,JUEVES,77
MADRE DE DIOS,2016,VIERNES,90
MADRE DE DIOS,2016,SÁBADO,84
MADRE DE DIOS,2016,DOMINGO,95
MADRE DE DIOS,2017,LUNES,64
MADRE DE DIOS,2017,MARTES,75
MADRE DE DIOS,2017,MIÉRCOLES,112
MADRE DE DIOS,2017,JUEVES,71
MADRE DE DIOS,2017,VIERNES,141
MADRE DE DIOS,2017,SÁBADO,92
MADRE DE DIOS,2017,DOMINGO,102
MADRE DE DIOS,2018,LUNES,54
MADRE DE DIOS,2018,MARTES,36
MADRE DE DIOS,2018,MIÉRCOLES,51
MADRE DE DIOS,2018,JUEVES,41
MADRE DE DIOS,2018,VIERNES,75
MADRE DE DIOS,2018,SÁBADO,116
MADRE DE DIOS,2018,DOMINGO,61
MADRE DE DIOS,2019,LUNES,72
MADRE DE DIOS,2019,MARTES,27
MADRE DE DIOS,2019,MIÉRCOLES,37
MADRE DE DIOS,2019,JUEVES,55
MADRE DE DIOS,2019,VIERNES,124
MADRE DE DIOS,2019,SÁBADO,121
MADRE DE DIOS,2019,DOMINGO,75
MADRE DE DIOS,2020,LUNES,70
MADRE DE DIOS,2020,MARTES,10
MADRE DE DIOS,2020,MIÉRCOLES,41
MADRE DE DIOS,2020,JUEVES,44
MADRE DE DIOS,2020,VIERNES,77
MADRE DE DIOS,2020,SÁBADO,116
MADRE DE DIOS,2020,DOMINGO,61
MADRE DE DIOS,2021,LUNES,64
MADRE DE DIOS,2021,MARTES,57
MADRE DE DIOS,2021,MIÉRCOLES,51
MADRE DE DIOS,2021,JUEVES,77
MADRE DE DIOS,2021,VIERNES,147
MADRE DE DIOS,2021,SÁBADO,172
MADRE DE DIOS,2021,DOMINGO,65
MADRE DE DIOS,2022,LUNES,55
MADRE DE DIOS,2022,MARTES,48
MADRE DE DIOS,2022,MIÉRCOLES,62
MADRE DE DIOS,2022,JUEVES,70
MADRE DE DIOS,2022,VIERNES,181
MADRE DE DIOS,2022,SÁBADO,192
MADRE DE DIOS,2022,DOMINGO,134
MADRE DE DIOS,2023,LUNES,26
MADRE DE DIOS,2023,MARTES,47
MADRE DE DIOS,2023,MIÉRCOLES,64
MADRE DE DIOS,2023,JUEVES,40
MADRE DE DIOS,2023,VIERNES,80
MADRE DE DIOS,2023,SÁBADO,123
MADRE DE DIOS,2023,DOMINGO,82
MADRE DE DIOS,2024,LUNES,24
MADRE DE DIOS,2024,MARTES,36
MADRE DE DIOS,2024,MIÉRCOLES,34
MADRE DE DIOS,2024,JUEVES,44
MADRE DE DIOS,2024,VIERNES,81
MADRE DE DIOS,2024,SÁBADO,91
MADRE DE DIOS,2024,DOMINGO,94
MOQUEGUA,2008,LUNES,75
MOQUEGUA,2008,MARTES,74
MOQUEGUA,2008,MIÉRCOLES,64
MOQUEGUA,2008,JUEVES,65
MOQUEGUA,2008,VIERNES,88
MOQUEGUA,2008,SÁBADO,87
MOQUEGUA,2008,DOMINGO,101
MOQUEGUA,2009,LUNES,94
MOQUEGUA,2009,MARTES,84
MOQUEGUA,2009,MIÉRCOLES,90
MOQUEGUA,2009,JUEVES,83
MOQUEGUA,2009,VIERNES,105
MOQUEGUA,2009,SÁBADO,108
MOQUEGUA,2009,DOMINGO,90
MOQUEGUA,2010,LUNES,80
MOQUEGUA,2010,MARTES,87
MOQUEGUA,2010,MIÉRCOLES,98
MOQUEGUA,2010,JUEVES,97
MOQUEGUA,2010,VIERNES,100
MOQUEGUA,2010,SÁBADO,98
MOQUEGUA,2010,DOMINGO,96
MOQUEGUA,2011,LUNES,96
MOQUEGUA,2011,MARTES,101
MOQUEGUA,2011,MIÉRCOLES,105
MOQUEGUA,2011,JUEVES,114
MOQUEGUA,2011,VIERNES,126
MOQUEGUA,2011,SÁBADO,134
MOQUEGUA,2011,DOMINGO,86
MOQUEGUA,2012,LUNES,105
MOQUEGUA,2012,MARTES,108
MOQUEGUA,2012,MIÉRCOLES,96
MOQUEGUA,2012,JUEVES,94
MOQUEGUA,2012,VIERNES,117
MOQUEGUA,2012,SÁBADO,131
MOQUEGUA,2012,DOMINGO,110
MOQUEGUA,2013,LUNES,88
MOQUEGUA,2013,MARTES,114
MOQUEGUA,2013,MIÉRCOLES,101
MOQUEGUA,2013,JUEVES,114
MOQUEGUA,2013,VIERNES,143
MOQUEGUA,2013,SÁBADO,159
MOQUEGUA,2013,DOMINGO,125
MOQUEGUA,2014,LUNES,70
MOQUEGUA,2014,MARTES,94
MOQUEGUA,2014,MIÉRCOLES,80
MOQUEGUA,2014,JUEVES,86
MOQUEGUA,2014,VIERNES,104
MOQUEGUA,2014,SÁBADO,123
MOQUEGUA,2014,DOMINGO,108
MOQUEGUA,2015,LUNES,84
MOQUEGUA,2015,MARTES,80
MOQUEGUA,2015,MIÉRCOLES,73
MOQUEGUA,2015,JUEVES,83
MOQUEGUA,2015,VIERNES,85
MOQUEGUA,2015,SÁBADO,93
MOQUEGUA,2015,DOMINGO,75
MOQUEGUA,2016,LUNES,65
MOQUEGUA,2016,MARTES,59
MOQUEGUA,2016,MIÉRCOLES,80
MOQUEGUA,2016,JUEVES,75
MOQUEGUA,2016,VIERNES,100
MOQUEGUA,2016,SÁBADO,102
MOQUEGUA,2016,DOMINGO,78
MOQUEGUA,2017,LUNES,82
MOQUEGUA,2017,MARTES,93
MOQUEGUA,2017,MIÉRCOLES,68
MOQUEGUA,2017,JUEVES,85
MOQUEGUA,2017,VIERNES,72
MOQUEGUA,2017,SÁBADO,98
MOQUEGUA,2017,DOMINGO,85
MOQUEGUA,2018,LUNES,73
MOQUEGUA,2018,MARTES,72
MOQUEGUA,2018,MIÉRCOLES,75
MOQUEGUA,2018,JUEVES,63
MOQUEGUA,2018,VIERNES,67
MOQUEGUA,2018,SÁBADO,70
MOQUEGUA,2018,DOMINGO,89
MOQUEGUA,2019,LUNES,65
MOQUEGUA,2019,MARTES,72
MOQUEGUA,2019,MIÉRCOLES,86
MOQUEGUA,2019,JUEVES,84
MOQUEGUA,2019,VIERNES,87
MOQUEGUA,2019,SÁBADO,69
MOQUEGUA,2019,DOMINGO,71
MOQUEGUA,2020,LUNES,66
MOQUEGUA,2020,MARTES,19
MOQUEGUA,2020,MIÉRCOLES,51
MOQUEGUA,2020,JUEVES,43
MOQUEGUA,2020,VIERNES,61
MOQUEGUA,2020,SÁBADO,43
MOQUEGUA,2020,DOMINGO,27
MOQUEGUA,2021,LUNES,76
MOQUEGUA,2021,MARTES,67
MOQUEGUA,2021,MIÉRCOLES,57
MOQUEGUA,2021,JUEVES,71
MOQUEGUA,2021,VIERNES,69
MOQUEGUA,2021,SÁBADO,94
MOQUEGUA,2021,DOMINGO,61
MOQUEGUA,2022,LUNES,82
MOQUEGUA,2022,MARTES,79
MOQUEGUA,2022,MIÉRCOLES,87
MOQUEGUA,2022,JUEVES,80
MOQUEGUA,2022,VIERNES,102
MOQUEGUA,2022,SÁBADO,141
MOQUEGUA,2022,DOMINGO,86
MOQUEGUA,2023,LUNES,97
MOQUEGUA,2023,MARTES,79
MOQUEGUA,2023,MIÉRCOLES,92
MOQUEGUA,2023,JUEVES,91
MOQUEGUA,2023,VIERNES,103
MOQUEGUA,2023,SÁBADO,170
MOQUEGUA,2023,DOMINGO,122
MOQUEGUA,2024,LUNES,81
MOQUEGUA,2024,MARTES,77
MOQUEGUA,2024,MIÉRCOLES,71
MOQUEGUA,2024,JUEVES,64
MOQUEGUA,2024,VIERNES,94
MOQUEGUA,2024,SÁBADO,94
MOQUEGUA,2024,DOMINGO,83
PASCO,2008,LUNES,11
PASCO,2008,MARTES,13
PASCO,2008,MIÉRCOLES,10
PASCO,2008,JUEVES,14
PASCO,2008,VIERNES,13
PASCO,2008,SÁBADO,18
PASCO,2008,DOMINGO,11
PASCO,2009,LUNES,18
PASCO,2009,MARTES,20
PASCO,2009,MIÉRCOLES,15
PASCO,2009,JUEVES,24
PASCO,2009,VIERNES,57
PASCO,2009,SÁBADO,46
PASCO,2009,DOMINGO,25
PASCO,2010,LUNES,23
PASCO,2010,MARTES,15
PASCO,2010,MIÉRCOLES,25
PASCO,2010,JUEVES,22
PASCO,2010,VIERNES,37
PASCO,2010,SÁBADO,34
PASCO,2010,DOMINGO,25
PASCO,2011,LUNES,26
PASCO,2011,MARTES,24
PASCO,2011,MIÉRCOLES,33
PASCO,2011,JUEVES,27
PASCO,2011,VIERNES,40
PASCO,2011,SÁBADO,32
PASCO,2011,DOMINGO,34
PASCO,2012,LUNES,14
PASCO,2012,MARTES,15
PASCO,2012,MIÉRCOLES,20
PASCO,2012,JUEVES,27
PASCO,2012,VIERNES,29
PASCO,2012,SÁBADO,19
PASCO,2012,DOMINGO,19
PASCO,2013,LUNES,18
PASCO,2013,MARTES,9
PASCO,2013,MIÉRCOLES,11
PASCO,2013,JUEVES,16
PASCO,2013,VIERNES,11
PASCO,2013,SÁBADO,12
PASCO,2013,DOMINGO,13
PASCO,2014,LUNES,4
PASCO,2014,MARTES,6
PASCO,2014,MIÉRCOLES,7
PASCO,2014,JUEVES,5
PASCO,2014,VIERNES,12
PASCO,2014,SÁBADO,7
PASCO,2014,DOMINGO,9
PASCO,2015,LUNES,7
PASCO,2015,MARTES,15
PASCO,2015,MIÉRCOLES,8
PASCO,2015,JUEVES,11
PASCO,2015,VIERNES,21
PASCO,2015,SÁBADO,21
PASCO,2015,DOMINGO,12
PASCO,2016,LUNES,5
PASCO,2016,MARTES,3
PASCO,2016,MIÉRCOLES,10
PASCO,2016,JUEVES,5
PASCO,2016,VIERNES,13
PASCO,2016,SÁBADO,5
PASCO,2016,DOMINGO,3
PASCO,2017,LUNES,10
PASCO,2017,MARTES,14
PASCO,2017,MIÉRCOLES,15
PASCO,2017,JUEVES,20
PASCO,2017,VIERNES,27
PASCO,2017,SÁBADO,18
PASCO,2017,DOMINGO,17
PASCO,2018,LUNES,21
PASCO,2018,MARTES,33
PASCO,2018,MIÉRCOLES,37
PASCO,2018,JUEVES,35
PASCO,2018,VIERNES,44
PASCO,2018,SÁBADO,44
PASCO,2018,DOMINGO,44
PASCO,2019,LUNES,53
PASCO,2019,MARTES,71
PASCO,2019,MIÉRCOLES,98
PASCO,2019,JUEVES,79
PASCO,2019,VIERNES,92
PASCO,2019,SÁBADO,90
PASCO,2019,DOMINGO,69
PASCO,2020,LUNES,46
PASCO,2020,MARTES,44
PASCO,2020,MIÉRCOLES,45
PASCO,2020,JUEVES,34
PASCO,2020,VIERNES,57
PASCO,2020,SÁBADO,58
PASCO,2020,DOMINGO,44
PASCO,2021,LUNES,28
PASCO,2021,MARTES,28
PASCO,2021,MIÉRCOLES,47
PASCO,2021,JUEVES,49
PASCO,2021,VIERNES,54
PASCO,2021,SÁBADO,57
PASCO,2021,DOMINGO,35
PASCO,2022,LUNES,40
PASCO,2022,MARTES,29
PASCO,2022,MIÉRCOLES,43
PASCO,2022,JUEVES,45
PASCO,2022,VIERNES,61
PASCO,2022,SÁBADO,69
PASCO,2022,DOMINGO,40
PASCO,2023,LUNES,35
PASCO,2023,MARTES,31
PASCO,2023,MIÉRCOLES,29
PASCO,2023,JUEVES,41
PASCO,2023,VIERNES,45
PASCO,2023,SÁBADO,62
PASCO,2023,DOMINGO,61
PASCO,2024,LUNES,47
PASCO,2024,MARTES,36
PASCO,2024,MIÉRCOLES,49
PASCO,2024,JUEVES,54
PASCO,2024,VIERNES,66
PASCO,2024,SÁBADO,61
PASCO,2024,DOMINGO,68
PIURA,2008,LUNES,235
PIURA,2008,MARTES,183
PIURA,2008,MIÉRCOLES,103
PIURA,2008,JUEVES,177
PIURA,2008,VIERNES,328
PIURA,2008,SÁBADO,360
PIURA,2008,DOMINGO,207
PIURA,2009,LUNES,258
PIURA,2009,MARTES,173
PIURA,2009,MIÉRCOLES,128
PIURA,2009,JUEVES,156
PIURA,2009,VIERNES,303
PIURA,2009,SÁBADO,339
PIURA,2009,DOMINGO,228
PIURA,2010,LUNES,349
PIURA,2010,MARTES,185
PIURA,2010,MIÉRCOLES,169
PIURA,2010,JUEVES,172
PIURA,2010,VIERNES,346
PIURA,2010,SÁBADO,407
PIURA,2010,DOMINGO,226
PIURA,2011,LUNES,356
PIURA,2011,MARTES,204
PIURA,2011,MIÉRCOLES,196
PIURA,2011,JUEVES,158
PIURA,2011,VIERNES,333
PIURA,2011,SÁBADO,360
PIURA,2011,DOMINGO,217
PIURA,2012,LUNES,547
PIURA,2012,MARTES,390
PIURA,2012,MIÉRCOLES,364
PIURA,2012,JUEVES,359
PIURA,2012,VIERNES,554
PIURA,2012,SÁBADO,638
PIURA,2012,DOMINGO,448
PIURA,2013,LUNES,716
PIURA,2013,MARTES,532
PIURA,2013,MIÉRCOLES,422
PIURA,2013,JUEVES,494
PIURA,2013,VIERNES,578
PIURA,2013,SÁBADO,753
PIURA,2013,DOMINGO,594
PIURA,2014,LUNES,678
PIURA,2014,MARTES,447
PIURA,2014,MIÉRCOLES,493
PIURA,2014,JUEVES,423
PIURA,2014,VIERNES,538
PIURA,2014,SÁBADO,656
PIURA,2014,DOMINGO,599
PIURA,2015,LUNES,630
PIURA,2015,MARTES,525
PIURA,2015,MIÉRCOLES,492
PIURA,2015,JUEVES,462
PIURA,2015,VIERNES,526
PIURA,2015,SÁBADO,657
PIURA,2015,DOMINGO,575
PIURA,2016,LUNES,591
PIURA,2016,MARTES,366
PIURA,2016,MIÉRCOLES,508
PIURA,2016,JUEVES,388
PIURA,2016,VIERNES,546
PIURA,2016,SÁBADO,676
PIURA,2016,DOMINGO,405
PIURA,2017,LUNES,379
PIURA,2017,MARTES,134
PIURA,2017,MIÉRCOLES,297
PIURA,2017,JUEVES,219
PIURA,2017,VIERNES,410
PIURA,2017,SÁBADO,509
PIURA,2017,DOMINGO,355
PIURA,2018,LUNES,327
PIURA,2018,MARTES,281
PIURA,2018,MIÉRCOLES,288
PIURA,2018,JUEVES,335
PIURA,2018,VIERNES,375
PIURA,2018,SÁBADO,476
PIURA,2018,DOMINGO,430
PIURA,2019,LUNES,690
PIURA,2019,MARTES,447
PIURA,2019,MIÉRCOLES,494
PIURA,2019,JUEVES,371
PIURA,2019,VIERNES,607
PIURA,2019,SÁBADO,771
PIURA,2019,DOMINGO,686
PIURA,2020,LUNES,383
PIURA,2020,MARTES,317
PIURA,2020,MIÉRCOLES,371
PIURA,2020,JUEVES,343
PIURA,2020,VIERNES,412
PIURA,2020,SÁBADO,488
PIURA,2020,DOMINGO,322
PIURA,2021,LUNES,511
PIURA,2021,MARTES,443
PIURA,2021,MIÉRCOLES,407
PIURA,2021,JUEVES,396
PIURA,2021,VIERNES,475
PIURA,2021,SÁBADO,688
PIURA,2021,DOMINGO,547
PIURA,2022,LUNES,611
PIURA,2022,MARTES,460
PIURA,2022,MIÉRCOLES,383
PIURA,2022,JUEVES,487
PIURA,2022,VIERNES,533
PIURA,2022,SÁBADO,724
PIURA,2022,DOMINGO,749
PIURA,2023,LUNES,478
PIURA,2023,MARTES,371
PIURA,2023,MIÉRCOLES,319
PIURA,2023,JUEVES,417
PIURA,2023,VIERNES,486
PIURA,2023,SÁBADO,658
PIURA,2023,DOMINGO,638
PIURA,2024,LUNES,434
PIURA,2024,MARTES,306
PIURA,2024,MIÉRCOLES,311
PIURA,2024,JUEVES,323
PIURA,2024,VIERNES,460
PIURA,2024,SÁBADO,638
PIURA,2024,DOMINGO,624
PUNO,2008,LUNES,148
PUNO,2008,MARTES,121
PUNO,2008,MIÉRCOLES,122
PUNO,2008,JUEVES,134
PUNO,2008,VIERNES,143
PUNO,2008,SÁBADO,140
PUNO,2008,DOMINGO,121
PUNO,2009,LUNES,140
PUNO,2009,MARTES,166
PUNO,2009,MIÉRCOLES,134
PUNO,2009,JUEVES,136
PUNO,2009,VIERNES,170
PUNO,2009,SÁBADO,133
PUNO,2009,DOMINGO,112
PUNO,2010,LUNES,164
PUNO,2010,MARTES,117
PUNO,2010,MIÉRCOLES,130
PUNO,2010,JUEVES,144
PUNO,2010,VIERNES,169
PUNO,2010,SÁBADO,152
PUNO,2010,DOMINGO,116
PUNO,2011,LUNES,206
PUNO,2011,MARTES,225
PUNO,2011,MIÉRCOLES,182
PUNO,2011,JUEVES,191
PUNO,2011,VIERNES,225
PUNO,2011,SÁBADO,214
PUNO,2011,DOMINGO,125
PUNO,2012,LUNES,120
PUNO,2012,MARTES,151
PUNO,2012,MIÉRCOLES,128
PUNO,2012,JUEVES,132
PUNO,2012,VIERNES,168
PUNO,2012,SÁBADO,183
PUNO,2012,DOMINGO,92
PUNO,2013,LUNES,138
PUNO,2013,MARTES,199
PUNO,2013,MIÉRCOLES,158
PUNO,2013,JUEVES,154
PUNO,2013,VIERNES,225
PUNO,2013,SÁBADO,163
PUNO,2013,DOMINGO,117
PUNO,2014,LUNES,140
PUNO,2014,MARTES,154
PUNO,2014,MIÉRCOLES,148
PUNO,2014,JUEVES,139
PUNO,2014,VIERNES,135
PUNO,2014,SÁBADO,123
PUNO,2014,DOMINGO,114
PUNO,2015,LUNES,145
PUNO,2015,MARTES,128
PUNO,2015,MIÉRCOLES,142
PUNO,2015,JUEVES,127
PUNO,2015,VIERNES,135
PUNO,2015,SÁBADO,142
PUNO,2015,DOMINGO,103
PUNO,2016,LUNES,105
PUNO,2016,MARTES,95
PUNO,2016,MIÉRCOLES,115
PUNO,2016,JUEVES,118
PUNO,2016,VIERNES,136
PUNO,2016,SÁBADO,119
PUNO,2016,DOMINGO,77
PUNO,2017,LUNES,128
PUNO,2017,MARTES,124
PUNO,2017,MIÉRCOLES,123
PUNO,2017,JUEVES,130
PUNO,2017,VIERNES,161
PUNO,2017,SÁBADO,174
PUNO,2017,DOMINGO,128
PUNO,2018,LUNES,103
PUNO,2018,MARTES,107
PUNO,2018,MIÉRCOLES,149
PUNO,2018,JUEVES,148
PUNO,2018,VIERNES,172
PUNO,2018,SÁBADO,179
PUNO,2018,DOMINGO,141
PUNO,2019,LUNES,109
PUNO,2019,MARTES,160
PUNO,2019,MIÉRCOLES,164
PUNO,2019,JUEVES,163
PUNO,2019,VIERNES,250
PUNO,2019,SÁBADO,181
PUNO,2019,DOMINGO,152
PUNO,2020,LUNES,81
PUNO,2020,MARTES,90
PUNO,2020,MIÉRCOLES,85
PUNO,2020,JUEVES,75
PUNO,2020,VIERNES,107
PUNO,2020,SÁBADO,97
PUNO,2020,DOMINGO,67
PUNO,2021,LUNES,142
PUNO,2021,MARTES,161
PUNO,2021,MIÉRCOLES,169
PUNO,2021,JUEVES,166
PUNO,2021,VIERNES,220
PUNO,2021,SÁBADO,246
PUNO,2021,DOMINGO,162
PUNO,2022,LUNES,136
PUNO,2022,MARTES,147
PUNO,2022,MIÉRCOLES,170
PUNO,2022,JUEVES,182
PUNO,2022,VIERNES,321
PUNO,2022,SÁBADO,322
PUNO,2022,DOMINGO,206
PUNO,2023,LUNES,147
PUNO,2023,MARTES,126
PUNO,2023,MIÉRCOLES,113
PUNO,2023,JUEVES,151
PUNO,2023,VIERNES,233
PUNO,2023,SÁBADO,245
PUNO,2023,DOMINGO,181
PUNO,2024,LUNES,107
PUNO,2024,MARTES,124
PUNO,2024,MIÉRCOLES,147
PUNO,2024,JUEVES,172
PUNO,2024,VIERNES,242
PUNO,2024,SÁBADO,282
PUNO,2024,DOMINGO,213
SAN MARTIN,2008,LUNES,25
SAN MARTIN,2008,MARTES,50
SAN MARTIN,2008,MIÉRCOLES,54
SAN MARTIN,2008,JUEVES,59
SAN MARTIN,2008,VIERNES,72
SAN MARTIN,2008,SÁBADO,82
SAN MARTIN,2008,DOMINGO,40
SAN MARTIN,2009,LUNES,51
SAN MARTIN,2009,MARTES,54
SAN MARTIN,2009,MIÉRCOLES,59
SAN MARTIN,2009,JUEVES,62
SAN MARTIN,2009,VIERNES,66
SAN MARTIN,2009,SÁBADO,114
SAN MARTIN,2009,DOMINGO,85
SAN MARTIN,2010,LUNES,63
SAN MARTIN,2010,MARTES,76
SAN MARTIN,2010,MIÉRCOLES,91
SAN MARTIN,2010,JUEVES,120
SAN MARTIN,2010,VIERNES,113
SAN MARTIN,2010,SÁBADO,212
SAN MARTIN,2010,DOMINGO,157
SAN MARTIN,2011,LUNES,88
SAN MARTIN,2011,MARTES,76
SAN MARTIN,2011,MIÉRCOLES,79
SAN MARTIN,2011,JUEVES,122
SAN MARTIN,2011,VIERNES,125
SAN MARTIN,2011,SÁBADO,214
SAN MARTIN,2011,DOMINGO,207
SAN MARTIN,2012,LUNES,105
SAN MARTIN,2012,MARTES,83
SAN MARTIN,2012,MIÉRCOLES,111
SAN MARTIN,2012,JUEVES,173
SAN MARTIN,2012,VIERNES,134
SAN MARTIN,2012,SÁBADO,262
SAN MARTIN,2012,DOMINGO,189
SAN MARTIN,2013,LUNES,143
SAN MARTIN,2013,MARTES,130
SAN MARTIN,2013,MIÉRCOLES,133
SAN MARTIN,2013,JUEVES,212
SAN MARTIN,2013,VIERNES,203
SAN MARTIN,2013,SÁBADO,293
SAN MARTIN,2013,DOMINGO,168
SAN MARTIN,2014,LUNES,144
SAN MARTIN,2014,MARTES,170
SAN MARTIN,2014,MIÉRCOLES,178
SAN MARTIN,2014,JUEVES,178
SAN MARTIN,2014,VIERNES,196
SAN MARTIN,2014,SÁBADO,218
SAN MARTIN,2014,DOMINGO,185
SAN MARTIN,2015,LUNES,155
SAN MARTIN,2015,MARTES,140
SAN MARTIN,2015,MIÉRCOLES,154
SAN MARTIN,2015,JUEVES,153
SAN MARTIN,2015,VIERNES,191
SAN MARTIN,2015,SÁBADO,164
SAN MARTIN,2015,DOMINGO,211
SAN MARTIN,2016,LUNES,278
SAN MARTIN,2016,MARTES,242
SAN MARTIN,2016,MIÉRCOLES,256
SAN MARTIN,2016,JUEVES,227
SAN MARTIN,2016,VIERNES,258
SAN MARTIN,2016,SÁBADO,351
SAN MARTIN,2016,DOMINGO,390
SAN MARTIN,2017,LUNES,228
SAN MARTIN,2017,MARTES,189
SAN MARTIN,2017,MIÉRCOLES,172
SAN MARTIN,2017,JUEVES,171
SAN MARTIN,2017,VIERNES,225
SAN MARTIN,2017,SÁBADO,240
SAN MARTIN,2017,DOMINGO,308
SAN MARTIN,2018,LUNES,240
SAN MARTIN,2018,MARTES,165
SAN MARTIN,2018,MIÉRCOLES,177
SAN MARTIN,2018,JUEVES,144
SAN MARTIN,2018,VIERNES,188
SAN MARTIN,2018,SÁBADO,183
SAN MARTIN,2018,DOMINGO,246
SAN MARTIN,2019,LUNES,198
SAN MARTIN,2019,MARTES,170
SAN MARTIN,2019,MIÉRCOLES,185
SAN MARTIN,2019,JUEVES,161
SAN MARTIN,2019,VIERNES,181
SAN MARTIN,2019,SÁBADO,161
SAN MARTIN,2019,DOMINGO,204
SAN MARTIN,2020,LUNES,144
SAN MARTIN,2020,MARTES,127
SAN MARTIN,2020,MIÉRCOLES,133
SAN MARTIN,2020,JUEVES,126
SAN MARTIN,2020,VIERNES,114
SAN MARTIN,2020,SÁBADO,132
SAN MARTIN,2020,DOMINGO,104
SAN MARTIN,2021,LUNES,189
SAN MARTIN,2021,MARTES,132
SAN MARTIN,2021,MIÉRCOLES,146
SAN MARTIN,2021,JUEVES,181
SAN MARTIN,2021,VIERNES,154
SAN MARTIN,2021,SÁBADO,154
SAN MARTIN,2021,DOMINGO,136
SAN MARTIN,2022,LUNES,216
SAN MARTIN,2022,MARTES,167
SAN MARTIN,2022,MIÉRCOLES,159
SAN MARTIN,2022,JUEVES,171
SAN MARTIN,2022,VIERNES,174
SAN MARTIN,2022,SÁBADO,202
SAN MARTIN,2022,DOMINGO,190
SAN MARTIN,2023,LUNES,180
SAN MARTIN,2023,MARTES,181
SAN MARTIN,2023,MIÉRCOLES,184
SAN MARTIN,2023,JUEVES,206
SAN MARTIN,2023,VIERNES,208
SAN MARTIN,2023,SÁBADO,305
SAN MARTIN,2023,DOMINGO,246
SAN MARTIN,2024,LUNES,228
SAN MARTIN,2024,MARTES,228
SAN MARTIN,2024,MIÉRCOLES,244
SAN MARTIN,2024,JUEVES,248
SAN MARTIN,2024,VIERNES,242
SAN MARTIN,2024,SÁBADO,274
SAN MARTIN,2024,DOMINGO,282
TACNA,2008,LUNES,29
TACNA,2008,MARTES,30
TACNA,2008,MIÉRCOLES,42
TACNA,2008,JUEVES,30
TACNA,2008,VIERNES,40
TACNA,2008,SÁBADO,41
TACNA,2008,DOMINGO,31
TACNA,2009,LUNES,165
TACNA,2009,MARTES,103
TACNA,2009,MIÉRCOLES,148
TACNA,2009,JUEVES,107
TACNA,2009,VIERNES,231
TACNA,2009,SÁBADO,159
TACNA,2009,DOMINGO,124
TACNA,2010,LUNES,125
TACNA,2010,MARTES,156
TACNA,2010,MIÉRCOLES,155
TACNA,2010,JUEVES,181
TACNA,2010,VIERNES,210
TACNA,2010,SÁBADO,214
TACNA,2010,DOMINGO,167
TACNA,2011,LUNES,155
TACNA,2011,MARTES,158
TACNA,2011,MIÉRCOLES,148
TACNA,2011,JUEVES,190
TACNA,2011,VIERNES,242
TACNA,2011,SÁBADO,236
TACNA,2011,DOMINGO,160
TACNA,2012,LUNES,197
TACNA,2012,MARTES,136
TACNA,2012,MIÉRCOLES,175
TACNA,2012,JUEVES,175
TACNA,2012,VIERNES,286
TACNA,2012,SÁBADO,298
TACNA,2012,DOMINGO,198
TACNA,2013,LUNES,216
TACNA,2013,MARTES,209
TACNA,2013,MIÉRCOLES,167
TACNA,2013,JUEVES,243
TACNA,2013,VIERNES,253
TACNA,2013,SÁBADO,302
TACNA,2013,DOMINGO,218
TACNA,2014,LUNES,185
TACNA,2014,MARTES,149
TACNA,2014,MIÉRCOLES,145
TACNA,2014,JUEVES,194
TACNA,2014,VIERNES,228
TACNA,2014,SÁBADO,255
TACNA,2014,DOMINGO,193
TACNA,2015,LUNES,194
TACNA,2015,MARTES,143
TACNA,2015,MIÉRCOLES,130
TACNA,2015,JUEVES,147
TACNA,2015,VIERNES,183
TACNA,2015,SÁBADO,221
TACNA,2015,DOMINGO,124
TACNA,2016,LUNES,141
TACNA,2016,MARTES,107
TACNA,2016,MIÉRCOLES,138
TACNA,2016,JUEVES,87
TACNA,2016,VIERNES,150
TACNA,2016,SÁBADO,156
TACNA,2016,DOMINGO,131
TACNA,2017,LUNES,101
TACNA,2017,MARTES,87
TACNA,2017,MIÉRCOLES,108
TACNA,2017,JUEVES,89
TACNA,2017,VIERNES,135
TACNA,2017,SÁBADO,181
TACNA,2017,DOMINGO,80
TACNA,2018,LUNES,141
TACNA,2018,MARTES,114
TACNA,2018,MIÉRCOLES,135
TACNA,2018,JUEVES,134
TACNA,2018,VIERNES,150
TACNA,2018,SÁBADO,179
TACNA,2018,DOMINGO,130
TACNA,2019,LUNES,184
TACNA,2019,MARTES,156
TACNA,2019,MIÉRCOLES,191
TACNA,2019,JUEVES,176
TACNA,2019,VIERNES,170
TACNA,2019,SÁBADO,230
TACNA,2019,DOMINGO,190
TACNA,2020,LUNES,105
TACNA,2020,MARTES,86
TACNA,2020,MIÉRCOLES,101
TACNA,2020,JUEVES,110
TACNA,2020,VIERNES,113
TACNA,2020,SÁBADO,129
TACNA,2020,DOMINGO,75
TACNA,2021,LUNES,100
TACNA,2021,MARTES,112
TACNA,2021,MIÉRCOLES,128
TACNA,2021,JUEVES,122
TACNA,2021,VIERNES,126
TACNA,2021,SÁBADO,128
TACNA,2021,DOMINGO,64
TACNA,2022,LUNES,132
TACNA,2022,MARTES,122
TACNA,2022,MIÉRCOLES,138
TACNA,2022,JUEVES,132
TACNA,2022,VIERNES,164
TACNA,2022,SÁBADO,151
TACNA,2022,DOMINGO,108
TACNA,2023,LUNES,123
TACNA,2023,MARTES,149
TACNA,2023,MIÉRCOLES,153
TACNA,2023,JUEVES,152
TACNA,2023,VIERNES,158
TACNA,2023,SÁBADO,169
TACNA,2023,DOMINGO,133
TACNA,2024,LUNES,171
TACNA,2024,MARTES,153
TACNA,2024,MIÉRCOLES,179
TACNA,2024,JUEVES,181
TACNA,2024,VIERNES,165
TACNA,2024,SÁBADO,176
TACNA,2024,DOMINGO,135
TUMBES,2008,LUNES,38
TUMBES,2008,MARTES,54
TUMBES,2008,MIÉRCOLES,33
TUMBES,2008,JUEVES,45
TUMBES,2008,VIERNES,29
TUMBES,2008,SÁBADO,60
TUMBES,2008,DOMINGO,50
TUMBES,2009,LUNES,32
TUMBES,2009,MARTES,40
TUMBES,2009,MIÉRCOLES,39
TUMBES,2009,JUEVES,32
TUMBES,2009,VIERNES,54
TUMBES,2009,SÁBADO,62
TUMBES,2009,DOMINGO,36
TUMBES,2010,LUNES,50
TUMBES,2010,MARTES,48
TUMBES,2010,MIÉRCOLES,36
TUMBES,2010,JUEVES,34
TUMBES,2010,VIERNES,39
TUMBES,2010,SÁBADO,74
TUMBES,2010,DOMINGO,55
TUMBES,2011,LUNES,40
TUMBES,2011,MARTES,43
TUMBES,2011,MIÉRCOLES,34
TUMBES,2011,JUEVES,50
TUMBES,2011,VIERNES,49
TUMBES,2011,SÁBADO,50
TUMBES,2011,DOMINGO,52
TUMBES,2012,LUNES,86
TUMBES,2012,MARTES,68
TUMBES,2012,MIÉRCOLES,52
TUMBES,2012,JUEVES,44
TUMBES,2012,VIERNES,68
TUMBES,2012,SÁBADO,104
TUMBES,2012,DOMINGO,83
TUMBES,2013,LUNES,76
TUMBES,2013,MARTES,70
TUMBES,2013,MIÉRCOLES,63
TUMBES,2013,JUEVES,68
TUMBES,2013,VIERNES,63
TUMBES,2013,SÁBADO,69
TUMBES,2013,DOMINGO,74
TUMBES,2014,LUNES,68
TUMBES,2014,MARTES,45
TUMBES,2014,MIÉRCOLES,57
TUMBES,2014,JUEVES,56
TUMBES,2014,VIERNES,76
TUMBES,2014,SÁBADO,77
TUMBES,2014,DOMINGO,59
TUMBES,2015,LUNES,65
TUMBES,2015,MARTES,51
TUMBES,2015,MIÉRCOLES,69
TUMBES,2015,JUEVES,49
TUMBES,2015,VIERNES,63
TUMBES,2015,SÁBADO,83
TUMBES,2015,DOMINGO,53
TUMBES,2016,LUNES,89
TUMBES,2016,MARTES,68
TUMBES,2016,MIÉRCOLES,62
TUMBES,2016,JUEVES,49
TUMBES,2016,VIERNES,96
TUMBES,2016,SÁBADO,85
TUMBES,2016,DOMINGO,85
TUMBES,2017,LUNES,64
TUMBES,2017,MARTES,71
TUMBES,2017,MIÉRCOLES,63
TUMBES,2017,JUEVES,56
TUMBES,2017,VIERNES,63
TUMBES,2017,SÁBADO,82
TUMBES,2017,DOMINGO,63
TUMBES,2018,LUNES,78
TUMBES,2018,MARTES,55
TUMBES,2018,MIÉRCOLES,61
TUMBES,2018,JUEVES,63
TUMBES,2018,VIERNES,78
TUMBES,2018,SÁBADO,80
TUMBES,2018,DOMINGO,88
TUMBES,2019,LUNES,54
TUMBES,2019,MARTES,60
TUMBES,2019,MIÉRCOLES,64
TUMBES,2019,JUEVES,48
TUMBES,2019,VIERNES,40
TUMBES,2019,SÁBADO,65
TUMBES,2019,DOMINGO,64
TUMBES,2020,LUNES,33
TUMBES,2020,MARTES,29
TUMBES,2020,MIÉRCOLES,42
TUMBES,2020,JUEVES,29
TUMBES,2020,VIERNES,48
TUMBES,2020,SÁBADO,41
TUMBES,2020,DOMINGO,32
TUMBES,2021,LUNES,62
TUMBES,2021,MARTES,48
TUMBES,2021,MIÉRCOLES,45
TUMBES,2021,JUEVES,54
TUMBES,2021,VIERNES,65
TUMBES,2021,SÁBADO,53
TUMBES,2021,DOMINGO,49
TUMBES,2022,LUNES,63
TUMBES,2022,MARTES,44
TUMBES,2022,MIÉRCOLES,50
TUMBES,2022,JUEVES,33
TUMBES,2022,VIERNES,54
TUMBES,2022,SÁBADO,64
TUMBES,2022,DOMINGO,58
TUMBES,2023,LUNES,46
TUMBES,2023,MARTES,45
TUMBES,2023,MIÉRCOLES,37
TUMBES,2023,JUEVES,43
TUMBES,2023,VIERNES,47
TUMBES,2023,SÁBADO,43
TUMBES,2023,DOMINGO,42
TUMBES,2024,LUNES,47
TUMBES,2024,MARTES,31
TUMBES,2024,MIÉRCOLES,26
TUMBES,2024,JUEVES,39
TUMBES,2024,VIERNES,33
TUMBES,2024,SÁBADO,52
TUMBES,2024,DOMINGO,36
UCAYALI,2008,LUNES,150
UCAYALI,2008,MARTES,94
UCAYALI,2008,MIÉRCOLES,149
UCAYALI,2008,JUEVES,155
UCAYALI,2008,VIERNES,283
UCAYALI,2008,SÁBADO,323
UCAYALI,2008,DOMINGO,243
UCAYALI,2009,LUNES,141
UCAYALI,2009,MARTES,99
UCAYALI,2009,MIÉRCOLES,136
UCAYALI,2009,JUEVES,153
UCAYALI,2009,VIERNES,214
UCAYALI,2009,SÁBADO,234
UCAYALI,2009,DOMINGO,152
UCAYALI,2010,LUNES,127
UCAYALI,2010,MARTES,148
UCAYALI,2010,MIÉRCOLES,194
UCAYALI,2010,JUEVES,213
UCAYALI,2010,VIERNES,211
UCAYALI,2010,SÁBADO,264
UCAYALI,2010,DOMINGO,136
UCAYALI,2011,LUNES,164
UCAYALI,2011,MARTES,149
UCAYALI,2011,MIÉRCOLES,127
UCAYALI,2011,JUEVES,130
UCAYALI,2011,VIERNES,179
UCAYALI,2011,SÁBADO,184
UCAYALI,2011,DOMINGO,210
UCAYALI,2012,LUNES,122
UCAYALI,2012,MARTES,115
UCAYALI,2012,MIÉRCOLES,119
UCAYALI,2012,JUEVES,144
UCAYALI,2012,VIERNES,225
UCAYALI,2012,SÁBADO,297
UCAYALI,2012,DOMINGO,186
UCAYALI,2013,LUNES,131
UCAYALI,2013,MARTES,111
UCAYALI,2013,MIÉRCOLES,117
UCAYALI,2013,JUEVES,161
UCAYALI,2013,VIERNES,194
UCAYALI,2013,SÁBADO,257
UCAYALI,2013,DOMINGO,178
UCAYALI,2014,LUNES,116
UCAYALI,2014,MARTES,109
UCAYALI,2014,MIÉRCOLES,148
UCAYALI,2014,JUEVES,135
UCAYALI,2014,VIERNES,178
UCAYALI,2014,SÁBADO,222
UCAYALI,2014,DOMINGO,152
UCAYALI,2015,LUNES,101
UCAYALI,2015,MARTES,91
UCAYALI,2015,MIÉRCOLES,99
UCAYALI,2015,JUEVES,106
UCAYALI,2015,VIERNES,140
UCAYALI,2015,SÁBADO,182
UCAYALI,2015,DOMINGO,96
UCAYALI,2016,LUNES,63
UCAYALI,2016,MARTES,67
UCAYALI,2016,MIÉRCOLES,46
UCAYALI,2016,JUEVES,51
UCAYALI,2016,VIERNES,50
UCAYALI,2016,SÁBADO,74
UCAYALI,2016,DOMINGO,83
UCAYALI,2017,LUNES,52
UCAYALI,2017,MARTES,45
UCAYALI,2017,MIÉRCOLES,82
UCAYALI,2017,JUEVES,61
UCAYALI,2017,VIERNES,56
UCAYALI,2017,SÁBADO,93
UCAYALI,2017,DOMINGO,61
UCAYALI,2018,LUNES,85
UCAYALI,2018,MARTES,78
UCAYALI,2018,MIÉRCOLES,81
UCAYALI,2018,JUEVES,81
UCAYALI,2018,VIERNES,151
UCAYALI,2018,SÁBADO,157
UCAYALI,2018,DOMINGO,105
UCAYALI,2019,LUNES,49
UCAYALI,2019,MARTES,68
UCAYALI,2019,MIÉRCOLES,80
UCAYALI,2019,JUEVES,92
UCAYALI,2019,VIERNES,133
UCAYALI,2019,SÁBADO,159
UCAYALI,2019,DOMINGO,122
UCAYALI,2020,LUNES,45
UCAYALI,2020,MARTES,55
UCAYALI,2020,MIÉRCOLES,57
UCAYALI,2020,JUEVES,81
UCAYALI,2020,VIERNES,93
UCAYALI,2020,SÁBADO,135
UCAYALI,2020,DOMINGO,121
UCAYALI,2021,LUNES,50
UCAYALI,2021,MARTES,51
UCAYALI,2021,MIÉRCOLES,51
UCAYALI,2021,JUEVES,55
UCAYALI,2021,VIERNES,94
UCAYALI,2021,SÁBADO,94
UCAYALI,2021,DOMINGO,109
UCAYALI,2022,LUNES,72
UCAYALI,2022,MARTES,73
UCAYALI,2022,MIÉRCOLES,54
UCAYALI,2022,JUEVES,82
UCAYALI,2022,VIERNES,76
UCAYALI,2022,SÁBADO,71
UCAYALI,2022,DOMINGO,84
UCAYALI,2023,LUNES,62
UCAYALI,2023,MARTES,80
UCAYALI,2023,MIÉRCOLES,78
UCAYALI,2023,JUEVES,84
UCAYALI,2023,VIERNES,79
UCAYALI,2023,SÁBADO,96
UCAYALI,2023,DOMINGO,87
UCAYALI,2024,LUNES,71
UCAYALI,2024,MARTES,85
UCAYALI,2024,MIÉRCOLES,101
UCAYALI,2024,JUEVES,116
UCAYALI,2024,VIERNES,107
UCAYALI,2024,SÁBADO,120
UCAYALI,2024,DOMINGO,108
