mes,anio,condicion,victimas
ENERO,2022,MUERTOS,48
ENERO,2022,HERIDOS,666
ENERO,2021,MUERTOS,43
ENERO,2021,HERIDOS,589
ENERO,2020,MUERTOS,76
ENERO,2020,HERIDOS,720
ENERO,2019,MUERTOS,77
ENERO,2019,HERIDOS,726
ENERO,2018,MUERTOS,108
ENERO,2018,HERIDOS,493
ENERO,2017,MUERTOS,77
ENERO,2017,HERIDOS,678
ENERO,2016,MUERTOS,88
ENERO,2016,HERIDOS,681
ENERO,2015,MUERTOS,66
ENERO,2015,HERIDOS,673
ENERO,2014,MUERTOS,78
ENERO,2014,HERIDOS,568
ENERO,2013,MUERTOS,38
ENERO,2013,HERIDOS,463
ENERO,2012,MUERTOS,118
ENERO,2012,HERIDOS,785
ENERO,2011,MUERTOS,73
ENERO,2011,HERIDOS,446
ENERO,2010,MUERTOS,61
ENERO,2010,HERIDOS,555
ENERO,2009,MUERTOS,60
ENERO,2009,HERIDOS,474
ENERO,2008,MUERTOS,75
ENERO,2008,HERIDOS,569
ENERO,2007,MUERTOS,49
ENERO,2007,HERIDOS,428
FEBRERO,2022,MUERTOS,71
FEBRERO,2022,HERIDOS,732
FEBRERO,2021,MUERTOS,56
FEBRERO,2021,HERIDOS,319
FEBRERO,2020,MUERTOS,98
FEBRERO,2020,HERIDOS,957
FEBRERO,2019,MUERTOS,82
FEBRERO,2019,HERIDOS,669
FEBRERO,2018,MUERTOS,89
FEBRERO,2018,HERIDOS,595
FEBRERO,2017,MUERTOS,74
FEBRERO,2017,HERIDOS,623
FEBRERO,2016,MUERTOS,62
FEBRERO,2016,HERIDOS,506
FEBRERO,2015,MUERTOS,57
FEBRERO,2015,HERIDOS,510
FEBRERO,2014,MUERTOS,49
FEBRERO,2014,HERIDOS,505
FEBRERO,2013,MUERTOS,61
FEBRERO,2013,HERIDOS,478
FEBRERO,2012,MUERTOS,80
FEBRERO,2012,HERIDOS,620
FEBRERO,2011,MUERTOS,78
FEBRERO,2011,HERIDOS,466
FEBRERO,2010,MUERTOS,136
FEBRERO,2010,HERIDOS,724
FEBRERO,2009,MUERTOS,71
FEBRERO,2009,HERIDOS,558
FEBRERO,2008,MUERTOS,55
FEBRERO,2008,HERIDOS,487
FEBRERO,2007,MUERTOS,70
FEBRERO,2007,HERIDOS,505
MARZO,2022,MUERTOS,64
MARZO,2022,HERIDOS,656
MARZO,2021,MUERTOS,54
MARZO,2021,HERIDOS,442
MARZO,2020,MUERTOS,30
MARZO,2020,HERIDOS,430
MARZO,2019,MUERTOS,61
MARZO,2019,HERIDOS,596
MARZO,2018,MUERTOS,77
MARZO,2018,HERIDOS,771
MARZO,2017,MUERTOS,86
MARZO,2017,HERIDOS,471
MARZO,2016,MUERTOS,63
MARZO,2016,HERIDOS,463
MARZO,2015,MUERTOS,111
MARZO,2015,HERIDOS,525
MARZO,2014,MUERTOS,73
MARZO,2014,HERIDOS,496
MARZO,2013,MUERTOS,133
MARZO,2013,HERIDOS,480
MARZO,2012,MUERTOS,64
MARZO,2012,HERIDOS,422
MARZO,2011,MUERTOS,42
MARZO,2011,HERIDOS,583
MARZO,2010,MUERTOS,66
MARZO,2010,HERIDOS,313
MARZO,2009,MUERTOS,42
MARZO,2009,HERIDOS,460
MARZO,2008,MUERTOS,86
MARZO,2008,HERIDOS,540
MARZO,2007,MUERTOS,56
MARZO,2007,HERIDOS,376
ABRIL,2022,MUERTOS,53
ABRIL,2022,HERIDOS,461
ABRIL,2021,MUERTOS,48
ABRIL,2021,HERIDOS,385
ABRIL,2020,MUERTOS,6
ABRIL,2020,HERIDOS,72
ABRIL,2019,MUERTOS,46
ABRIL,2019,HERIDOS,623
ABRIL,2018,MUERTOS,69
ABRIL,2018,HERIDOS,509
ABRIL,2017,MUERTOS,40
ABRIL,2017,HERIDOS,441
ABRIL,2016,MUERTOS,66
ABRIL,2016,HERIDOS,417
ABRIL,2015,MUERTOS,76
ABRIL,2015,HERIDOS,418
ABRIL,2014,MUERTOS,55
ABRIL,2014,HERIDOS,449
ABRIL,2013,MUERTOS,84
ABRIL,2013,HERIDOS,430
ABRIL,2012,MUERTOS,70
ABRIL,2012,HERIDOS,478
ABRIL,2011,MUERTOS,49
ABRIL,2011,HERIDOS,453
ABRIL,2010,MUERTOS,55
ABRIL,2010,HERIDOS,318
ABRIL,2009,MUERTOS,59
ABRIL,2009,HERIDOS,427
ABRIL,2008,MUERTOS,66
ABRIL,2008,HERIDOS,141
ABRIL,2007,MUERTOS,85
ABRIL,2007,HERIDOS,411
MAYO,2022,MUERTOS,77
MAYO,2022,HERIDOS,502
MAYO,2021,MUERTOS,61
MAYO,2021,HERIDOS,496
MAYO,2020,MUERTOS,24
MAYO,2020,HERIDOS,106
MAYO,2019,MUERTOS,60
MAYO,2019,HERIDOS,530
MAYO,2018,MUERTOS,66
MAYO,2018,HERIDOS,688
MAYO,2017,MUERTOS,57
MAYO,2017,HERIDOS,535
MAYO,2016,MUERTOS,73
MAYO,2016,HERIDOS,528
MAYO,2015,MUERTOS,65
MAYO,2015,HERIDOS,392
MAYO,2014,MUERTOS,70
MAYO,2014,HERIDOS,395
MAYO,2013,MUERTOS,80
MAYO,2013,HERIDOS,436
MAYO,2012,MUERTOS,57
MAYO,2012,HERIDOS,217
MAYO,2011,MUERTOS,55
MAYO,2011,HERIDOS,335
MAYO,2010,MUERTOS,69
MAYO,2010,HERIDOS,554
MAYO,2009,MUERTOS,62
MAYO,2009,HERIDOS,478
MAYO,2008,MUERTOS,61
MAYO,2008,HERIDOS,317
MAYO,2007,MUERTOS,50
MAYO,2007,HERIDOS,435
JUNIO,2022,MUERTOS,48
JUNIO,2022,HERIDOS,559
JUNIO,2021,MUERTOS,86
JUNIO,2021,HERIDOS,534
JUNIO,2020,MUERTOS,24
JUNIO,2020,HERIDOS,194
JUNIO,2019,MUERTOS,66
JUNIO,2019,HERIDOS,544
JUNIO,2018,MUERTOS,41
JUNIO,2018,HERIDOS,468
JUNIO,2017,MUERTOS,59
JUNIO,2017,HERIDOS,404
JUNIO,2016,MUERTOS,52
JUNIO,2016,HERIDOS,475
JUNIO,2015,MUERTOS,65
JUNIO,2015,HERIDOS,334
JUNIO,2014,MUERTOS,49
JUNIO,2014,HERIDOS,401
JUNIO,2013,MUERTOS,121
JUNIO,2013,HERIDOS,499
JUNIO,2012,MUERTOS,57
JUNIO,2012,HERIDOS,373
JUNIO,2011,MUERTOS,71
JUNIO,2011,HERIDOS,379
JUNIO,2010,MUERTOS,47
JUNIO,2010,HERIDOS,362
JUNIO,2009,MUERTOS,81
JUNIO,2009,HERIDOS,306
JUNIO,2008,MUERTOS,46
JUNIO,2008,HERIDOS,395
JUNIO,2007,MUERTOS,87
JUNIO,2007,HERIDOS,417
JULIO,2022,MUERTOS,46
JULIO,2022,HERIDOS,616
JULIO,2021,MUERTOS,45
JULIO,2021,HERIDOS,628
JULIO,2020,MUERTOS,40
JULIO,2020,HERIDOS,263
JULIO,2019,MUERTOS,63
JULIO,2019,HERIDOS,614
JULIO,2018,MUERTOS,47
JULIO,2018,HERIDOS,555
JULIO,2017,MUERTOS,81
JULIO,2017,HERIDOS,616
JULIO,2016,MUERTOS,52
JULIO,2016,HERIDOS,622
JULIO,2015,MUERTOS,85
JULIO,2015,HERIDOS,510
JULIO,2014,MUERTOS,82
JULIO,2014,HERIDOS,46
JULIO,2013,MUERTOS,69
JULIO,2013,HERIDOS,449
JULIO,2012,MUERTOS,62
JULIO,2012,HERIDOS,323
JULIO,2011,MUERTOS,69
JULIO,2011,HERIDOS,493
JULIO,2010,MUERTOS,70
JULIO,2010,HERIDOS,405
JULIO,2009,MUERTOS,88
JULIO,2009,HERIDOS,421
JULIO,2007,MUERTOS,91
JULIO,2007,HERIDOS,445
AGOSTO,2022,MUERTOS,45
AGOSTO,2022,HERIDOS,529
AGOSTO,2021,MUERTOS,112
AGOSTO,2021,HERIDOS,774
AGOSTO,2020,MUERTOS,38
AGOSTO,2020,HERIDOS,267
AGOSTO,2019,MUERTOS,43
AGOSTO,2019,HERIDOS,644
AGOSTO,2018,MUERTOS,95
AGOSTO,2018,HERIDOS,816
AGOSTO,2017,MUERTOS,55
AGOSTO,2017,HERIDOS,485
AGOSTO,2016,MUERTOS,89
AGOSTO,2016,HERIDOS,467
AGOSTO,2015,MUERTOS,42
AGOSTO,2015,HERIDOS,477
AGOSTO,2014,MUERTOS,77
AGOSTO,2014,HERIDOS,447
AGOSTO,2013,MUERTOS,76
AGOSTO,2013,HERIDOS,590
AGOSTO,2012,MUERTOS,46
AGOSTO,2012,HERIDOS,404
AGOSTO,2011,MUERTOS,81
AGOSTO,2011,HERIDOS,676
AGOSTO,2010,MUERTOS,40
AGOSTO,2010,HERIDOS,385
AGOSTO,2009,MUERTOS,81
AGOSTO,2009,HERIDOS,523
AGOSTO,2007,MUERTOS,92
AGOSTO,2007,HERIDOS,325
SETIEMBRE,2022,MUERTOS,50
SETIEMBRE,2022,HERIDOS,316
SETIEMBRE,2021,MUERTOS,54
SETIEMBRE,2021,HERIDOS,615
SETIEMBRE,2020,MUERTOS,24
SETIEMBRE,2020,HERIDOS,316
SETIEMBRE,2019,MUERTOS,69
SETIEMBRE,2019,HERIDOS,662
SETIEMBRE,2018,MUERTOS,85
SETIEMBRE,2018,HERIDOS,551
SETIEMBRE,2017,MUERTOS,60
SETIEMBRE,2017,HERIDOS,419
SETIEMBRE,2016,MUERTOS,72
SETIEMBRE,2016,HERIDOS,524
SETIEMBRE,2015,MUERTOS,37
SETIEMBRE,2015,HERIDOS,282
SETIEMBRE,2014,MUERTOS,74
SETIEMBRE,2014,HERIDOS,409
SETIEMBRE,2013,MUERTOS,70
SETIEMBRE,2013,HERIDOS,501
SETIEMBRE,2012,MUERTOS,71
SETIEMBRE,2012,HERIDOS,330
SETIEMBRE,2011,MUERTOS,55
SETIEMBRE,2011,HERIDOS,376
SETIEMBRE,2010,MUERTOS,64
SETIEMBRE,2010,HERIDOS,383
SETIEMBRE,2009,MUERTOS,48
SETIEMBRE,2009,HERIDOS,363
SETIEMBRE,2007,MUERTOS,57
SETIEMBRE,2007,HERIDOS,479
OCTUBRE,2022,MUERTOS,45
OCTUBRE,2022,HERIDOS,463
OCTUBRE,2021,MUERTOS,77
OCTUBRE,2021,HERIDOS,830
OCTUBRE,2020,MUERTOS,48
OCTUBRE,2020,HERIDOS,438
OCTUBRE,2019,MUERTOS,65
OCTUBRE,2019,HERIDOS,638
OCTUBRE,2018,MUERTOS,75
OCTUBRE,2018,HERIDOS,568
OCTUBRE,2017,MUERTOS,66
OCTUBRE,2017,HERIDOS,468
OCTUBRE,2016,MUERTOS,54
OCTUBRE,2016,HERIDOS,542
OCTUBRE,2015,MUERTOS,65
OCTUBRE,2015,HERIDOS,450
OCTUBRE,2014,MUERTOS,80
OCTUBRE,2014,HERIDOS,438
OCTUBRE,2013,MUERTOS,106
OCTUBRE,2013,HERIDOS,522
OCTUBRE,2012,MUERTOS,81
OCTUBRE,2012,HERIDOS,364
OCTUBRE,2011,MUERTOS,68
OCTUBRE,2011,HERIDOS,404
OCTUBRE,2010,MUERTOS,93
OCTUBRE,2010,HERIDOS,457
OCTUBRE,2009,MUERTOS,61
OCTUBRE,2009,HERIDOS,377
OCTUBRE,2007,MUERTOS,89
OCTUBRE,2007,HERIDOS,521
NOVIEMBRE,2022,MUERTOS,48
NOVIEMBRE,2022,HERIDOS,371
NOVIEMBRE,2021,MUERTOS,76
NOVIEMBRE,2021,HERIDOS,571
NOVIEMBRE,2020,MUERTOS,35
NOVIEMBRE,2020,HERIDOS,439
NOVIEMBRE,2019,MUERTOS,55
NOVIEMBRE,2019,HERIDOS,618
NOVIEMBRE,2018,MUERTOS,78
NOVIEMBRE,2018,HERIDOS,523
NOVIEMBRE,2017,MUERTOS,56
NOVIEMBRE,2017,HERIDOS,456
NOVIEMBRE,2016,MUERTOS,75
NOVIEMBRE,2016,HERIDOS,687
NOVIEMBRE,2015,MUERTOS,58
NOVIEMBRE,2015,HERIDOS,348
NOVIEMBRE,2014,MUERTOS,66
NOVIEMBRE,2014,HERIDOS,532
NOVIEMBRE,2013,MUERTOS,68
NOVIEMBRE,2013,HERIDOS,387
NOVIEMBRE,2012,MUERTOS,67
NOVIEMBRE,2012,HERIDOS,276
NOVIEMBRE,2011,MUERTOS,56
NOVIEMBRE,2011,HERIDOS,487
NOVIEMBRE,2010,MUERTOS,117
NOVIEMBRE,2010,HERIDOS,408
NOVIEMBRE,2009,MUERTOS,73
NOVIEMBRE,2009,HERIDOS,373
NOVIEMBRE,2007,MUERTOS,76
NOVIEMBRE,2007,HERIDOS,367
DICIEMBRE,2022,MUERTOS,56
DICIEMBRE,2022,HERIDOS,501
DICIEMBRE,2021,MUERTOS,61
DICIEMBRE,2021,HERIDOS,633
DICIEMBRE,2020,MUERTOS,62
DICIEMBRE,2020,HERIDOS,552
DICIEMBRE,2019,MUERTOS,70
DICIEMBRE,2019,HERIDOS,882
DICIEMBRE,2018,MUERTOS,62
DICIEMBRE,2018,HERIDOS,507
DICIEMBRE,2017,MUERTOS,61
DICIEMBRE,2017,HERIDOS,525
DICIEMBRE,2016,MUERTOS,66
DICIEMBRE,2016,HERIDOS,549
DICIEMBRE,2015,MUERTOS,61
DICIEMBRE,2015,HERIDOS,534
DICIEMBRE,2014,MUERTOS,73
DICIEMBRE,2014,HERIDOS,578
DICIEMBRE,2013,MUERTOS,95
DICIEMBRE,2013,HERIDOS,503
DICIEMBRE,2012,MUERTOS,84
DICIEMBRE,2012,HERIDOS,562
DICIEMBRE,2011,MUERTOS,75
DICIEMBRE,2011,HERIDOS,542
DICIEMBRE,2010,MUERTOS,73
DICIEMBRE,2010,HERIDOS,471
DICIEMBRE,2009,MUERTOS,80
DICIEMBRE,2009,HERIDOS,423
DICIEMBRE,2007,MUERTOS,57
DICIEMBRE,2007,HERIDOS,757
