mes,anio,tipo_siniestro,siniestros
ENERO,2007,ATROPELLO,21
ENERO,2007,ATROPELLO Y FUGA,5
ENERO,2007,CHOQUE,60
ENERO,2007,DESPISTE,46
ENERO,2007,INCENDIO DE VEHÍCULO,0
ENERO,2007,VOLCADURA,4
ENERO,2007,OTROS,6
ENERO,2008,ATROPELLO,11
ENERO,2008,ATROPELLO Y FUGA,7
ENERO,2008,CHOQUE,95
ENERO,2008,DESPISTE,82
ENERO,2008,INCENDIO DE VEHÍCULO,0
ENERO,2008,VOLCADURA,1
ENERO,2008,OTROS,9
ENERO,2009,ATROPELLO,18
ENERO,2009,ATROPELLO Y FUGA,6
ENERO,2009,CHOQUE,100
ENERO,2009,DESPISTE,67
ENERO,2009,INCENDIO DE VEHÍCULO,0
ENERO,2009,VOLCADURA,3
ENERO,2009,OTROS,6
ENERO,2010,ATROPELLO,10
ENERO,2010,ATROPELLO Y FUGA,4
ENERO,2010,CAIDA DE PASAJERO,0
ENERO,2010,CHOQUE,75
ENERO,2010,CHOQUE Y FUGA,0
ENERO,2010,DESPISTE,75
ENERO,2010,INCENDIO DE VEHÍCULO,0
ENERO,2010,VOLCADURA,11
ENERO,2010,ESPECIAL,9
ENERO,2010,OTROS,0
ENERO,2011,ATROPELLO,16
ENERO,2011,ATROPELLO Y FUGA,4
ENERO,2011,CAIDA DE PASAJERO,0
ENERO,2011,CHOQUE,93
ENERO,2011,CHOQUE Y FUGA,0
ENERO,2011,DESPISTE,77
ENERO,2011,INCENDIO DE VEHÍCULO,0
ENERO,2011,VOLCADURA,4
ENERO,2011,ESPECIAL,5
ENERO,2011,OTROS,0
ENERO,2012,ATROPELLO,19
ENERO,2012,ATROPELLO Y FUGA,12
ENERO,2012,CAIDA DE PASAJERO,0
ENERO,2012,CHOQUE,102
ENERO,2012,CHOQUE Y FUGA,0
ENERO,2012,DESPISTE,92
ENERO,2012,INCENDIO DE VEHÍCULO,0
ENERO,2012,VOLCADURA,7
ENERO,2012,ESPECIAL,10
ENERO,2012,OTROS,0
ENERO,2013,ATROPELLO,9
ENERO,2013,ATROPELLO Y FUGA,4
ENERO,2013,CAIDA DE PASAJERO,0
ENERO,2013,CHOQUE,68
ENERO,2013,CHOQUE Y FUGA,0
ENERO,2013,DESPISTE,92
ENERO,2013,INCENDIO DE VEHÍCULO,0
ENERO,2013,VOLCADURA,9
ENERO,2013,ESPECIAL,4
ENERO,2013,OTROS,0
ENERO,2014,ATROPELLO,10
ENERO,2014,ATROPELLO Y FUGA,7
ENERO,2014,CAIDA DE PASAJERO,0
ENERO,2014,CHOQUE,116
ENERO,2014,CHOQUE Y FUGA,0
ENERO,2014,DESPISTE,113
ENERO,2014,INCENDIO DE VEHÍCULO,0
ENERO,2014,VOLCADURA,9
ENERO,2014,ESPECIAL,7
ENERO,2014,OTROS,0
ENERO,2015,ATROPELLO,14
ENERO,2015,ATROPELLO Y FUGA,1
ENERO,2015,CAIDA DE PASAJERO,0
ENERO,2015,CHOQUE,99
ENERO,2015,CHOQUE Y FUGA,0
ENERO,2015,DESPISTE,95
ENERO,2015,INCENDIO DE VEHÍCULO,0
ENERO,2015,VOLCADURA,8
ENERO,2015,ESPECIAL,4
ENERO,2015,OTROS,0
ENERO,2016,ATROPELLO,12
ENERO,2016,ATROPELLO Y FUGA,5
ENERO,2016,CAIDA DE PASAJERO,0
ENERO,2016,CHOQUE,110
ENERO,2016,CHOQUE Y FUGA,0
ENERO,2016,DESPISTE,116
ENERO,2016,INCENDIO DE VEHÍCULO,0
ENERO,2016,VOLCADURA,9
ENERO,2016,ESPECIAL,8
ENERO,2016,OTROS,0
ENERO,2017,ATROPELLO,12
ENERO,2017,ATROPELLO Y FUGA,9
ENERO,2017,CAIDA DE PASAJERO,0
ENERO,2017,CHOQUE,154
ENERO,2017,CHOQUE Y FUGA,0
ENERO,2017,DESPISTE,168
ENERO,2017,INCENDIO DE VEHÍCULO,0
ENERO,2017,VOLCADURA,6
ENERO,2017,ESPECIAL,11
ENERO,2017,OTROS,0
ENERO,2018,ATROPELLO,12
ENERO,2018,ATROPELLO Y FUGA,8
ENERO,2018,CAIDA,0
ENERO,2018,CHOQUE,122
ENERO,2018,CHOQUE Y ATROPELLO,0
ENERO,2018,CHOQUE Y FUGA,0
ENERO,2018,COLISIÓN,0
ENERO,2018,COLISIÓN Y FUGA,0
ENERO,2018,DESPISTE,118
ENERO,2018,DESPISTE Y VOLCADURA,0
ENERO,2018,INCENDIO DE VEHÍCULO,0
ENERO,2018,VOLCADURA,3
ENERO,2018,OTROS,4
ENERO,2019,ATROPELLO,21
ENERO,2019,ATROPELLO Y FUGA,9
ENERO,2019,CAIDA,4
ENERO,2019,CHOQUE,179
ENERO,2019,CHOQUE Y ATROPELLO,3
ENERO,2019,CHOQUE Y FUGA,0
ENERO,2019,COLISIÓN,0
ENERO,2019,COLISIÓN Y FUGA,0
ENERO,2019,DESPISTE,109
ENERO,2019,DESPISTE Y VOLCADURA,57
ENERO,2019,INCENDIO DE VEHÍCULO,2
ENERO,2019,VOLCADURA,5
ENERO,2019,OTROS,0
ENERO,2020,ATROPELLO,12
ENERO,2020,ATROPELLO Y FUGA,6
ENERO,2020,CAIDA,6
ENERO,2020,CHOQUE,153
ENERO,2020,CHOQUE Y ATROPELLO,6
ENERO,2020,CHOQUE Y FUGA,0
ENERO,2020,COLISIÓN,0
ENERO,2020,COLISIÓN Y FUGA,0
ENERO,2020,DESPISTE,152
ENERO,2020,DESPISTE Y VOLCADURA,75
ENERO,2020,INCENDIO DE VEHÍCULO,4
ENERO,2020,VOLCADURA,0
ENERO,2020,OTROS,3
ENERO,2020,ATROPELLO,12
ENERO,2020,ATROPELLO Y FUGA,6
ENERO,2020,CAIDA,6
ENERO,2020,CHOQUE,153
ENERO,2020,CHOQUE Y ATROPELLO,6
ENERO,2020,CHOQUE Y FUGA,0
ENERO,2020,COLISIÓN,0
ENERO,2020,COLISIÓN Y FUGA,0
ENERO,2020,DESPISTE,152
ENERO,2020,DESPISTE Y VOLCADURA,75
ENERO,2020,INCENDIO DE VEHÍCULO,4
ENERO,2020,VOLCADURA,0
ENERO,2020,OTROS,3
ENERO,2021,ATROPELLO,17
ENERO,2021,ATROPELLO Y FUGA,6
ENERO,2021,CAIDA,4
ENERO,2021,CHOQUE,173
ENERO,2021,CHOQUE Y ATROPELLO,0
ENERO,2021,CHOQUE Y FUGA,6
ENERO,2021,COLISIÓN,0
ENERO,2021,COLISIÓN Y FUGA,0
ENERO,2021,DESPISTE,110
ENERO,2021,DESPISTE Y VOLCADURA,77
ENERO,2021,INCENDIO DE VEHÍCULO,4
ENERO,2021,VOLCADURA,0
ENERO,2021,OTROS,4
ENERO,2022,ATROPELLO,14
ENERO,2022,ATROPELLO Y FUGA,2
ENERO,2022,CAIDA DE CARGA,0
ENERO,2022,CAIDA DE PASAJERO,0
ENERO,2022,CAIDA DE PIEDAS,0
ENERO,2022,CHOQUE,207
ENERO,2022,CHOQUE Y ATROPELLO,0
ENERO,2022,CHOQUE Y FUGA,6
ENERO,2022,COLISIÓN,0
ENERO,2022,COLISIÓN Y FUGA,0
ENERO,2022,DESPISTE,123
ENERO,2022,DESPISTE Y VOLCADURA,83
ENERO,2022,INCENDIO DE VEHÍCULO,4
ENERO,2022,VOLCADURA,6
ENERO,2022,OTROS,0
FEBRERO,2007,ATROPELLO,17
FEBRERO,2007,ATROPELLO Y FUGA,13
FEBRERO,2007,CHOQUE,57
FEBRERO,2007,DESPISTE,64
FEBRERO,2007,INCENDIO DE VEHÍCULO,0
FEBRERO,2007,VOLCADURA,8
FEBRERO,2007,OTROS,4
FEBRERO,2008,ATROPELLO,12
FEBRERO,2008,ATROPELLO Y FUGA,9
FEBRERO,2008,CHOQUE,60
FEBRERO,2008,DESPISTE,68
FEBRERO,2008,INCENDIO DE VEHÍCULO,0
FEBRERO,2008,VOLCADURA,4
FEBRERO,2008,OTROS,3
FEBRERO,2009,ATROPELLO,14
FEBRERO,2009,ATROPELLO Y FUGA,8
FEBRERO,2009,CHOQUE,79
FEBRERO,2009,DESPISTE,70
FEBRERO,2009,INCENDIO DE VEHÍCULO,0
FEBRERO,2009,VOLCADURA,5
FEBRERO,2009,OTROS,6
FEBRERO,2010,ATROPELLO,20
FEBRERO,2010,ATROPELLO Y FUGA,8
FEBRERO,2010,CAIDA DE PASAJERO,0
FEBRERO,2010,CHOQUE,102
FEBRERO,2010,CHOQUE Y FUGA,0
FEBRERO,2010,DESPISTE,81
FEBRERO,2010,INCENDIO DE VEHÍCULO,0
FEBRERO,2010,VOLCADURA,8
FEBRERO,2010,ESPECIAL,9
FEBRERO,2010,OTROS,1
FEBRERO,2011,ATROPELLO,9
FEBRERO,2011,ATROPELLO Y FUGA,4
FEBRERO,2011,CAIDA DE PASAJERO,0
FEBRERO,2011,CHOQUE,80
FEBRERO,2011,CHOQUE Y FUGA,0
FEBRERO,2011,DESPISTE,68
FEBRERO,2011,INCENDIO DE VEHÍCULO,0
FEBRERO,2011,VOLCADURA,4
FEBRERO,2011,ESPECIAL,6
FEBRERO,2011,OTROS,0
FEBRERO,2012,ATROPELLO,8
FEBRERO,2012,ATROPELLO Y FUGA,9
FEBRERO,2012,CAIDA DE PASAJERO,0
FEBRERO,2012,CHOQUE,105
FEBRERO,2012,CHOQUE Y FUGA,0
FEBRERO,2012,DESPISTE,90
FEBRERO,2012,INCENDIO DE VEHÍCULO,0
FEBRERO,2012,VOLCADURA,5
FEBRERO,2012,ESPECIAL,5
FEBRERO,2012,OTROS,0
FEBRERO,2013,ATROPELLO,13
FEBRERO,2013,ATROPELLO Y FUGA,3
FEBRERO,2013,CAIDA DE PASAJERO,0
FEBRERO,2013,CHOQUE,111
FEBRERO,2013,CHOQUE Y FUGA,0
FEBRERO,2013,DESPISTE,78
FEBRERO,2013,INCENDIO DE VEHÍCULO,0
FEBRERO,2013,VOLCADURA,3
FEBRERO,2013,ESPECIAL,4
FEBRERO,2013,OTROS,0
FEBRERO,2014,ATROPELLO,8
FEBRERO,2014,ATROPELLO Y FUGA,7
FEBRERO,2014,CAIDA DE PASAJERO,0
FEBRERO,2014,CHOQUE,87
FEBRERO,2014,CHOQUE Y FUGA,0
FEBRERO,2014,DESPISTE,94
FEBRERO,2014,INCENDIO DE VEHÍCULO,0
FEBRERO,2014,VOLCADURA,6
FEBRERO,2014,ESPECIAL,3
FEBRERO,2014,OTROS,0
FEBRERO,2015,ATROPELLO,11
FEBRERO,2015,ATROPELLO Y FUGA,2
FEBRERO,2015,CAIDA DE PASAJERO,0
FEBRERO,2015,CHOQUE,74
FEBRERO,2015,CHOQUE Y FUGA,0
FEBRERO,2015,DESPISTE,86
FEBRERO,2015,INCENDIO DE VEHÍCULO,0
FEBRERO,2015,VOLCADURA,2
FEBRERO,2015,ESPECIAL,4
FEBRERO,2015,OTROS,0
FEBRERO,2016,ATROPELLO,10
FEBRERO,2016,ATROPELLO Y FUGA,8
FEBRERO,2016,CAIDA DE PASAJERO,0
FEBRERO,2016,CHOQUE,104
FEBRERO,2016,CHOQUE Y FUGA,0
FEBRERO,2016,DESPISTE,90
FEBRERO,2016,INCENDIO DE VEHÍCULO,0
FEBRERO,2016,VOLCADURA,6
FEBRERO,2016,ESPECIAL,7
FEBRERO,2016,OTROS,0
FEBRERO,2017,ATROPELLO,17
FEBRERO,2017,ATROPELLO Y FUGA,5
FEBRERO,2017,CAIDA DE PASAJERO,0
FEBRERO,2017,CHOQUE,132
FEBRERO,2017,CHOQUE Y FUGA,0
FEBRERO,2017,DESPISTE,134
FEBRERO,2017,INCENDIO DE VEHÍCULO,0
FEBRERO,2017,VOLCADURA,9
FEBRERO,2017,ESPECIAL,5
FEBRERO,2017,OTROS,0
FEBRERO,2018,ATROPELLO,19
FEBRERO,2018,ATROPELLO Y FUGA,4
FEBRERO,2018,CAIDA,0
FEBRERO,2018,CHOQUE,117
FEBRERO,2018,CHOQUE Y ATROPELLO,0
FEBRERO,2018,CHOQUE Y FUGA,0
FEBRERO,2018,COLISIÓN,0
FEBRERO,2018,COLISIÓN Y FUGA,0
FEBRERO,2018,DESPISTE,143
FEBRERO,2018,DESPISTE Y VOLCADURA,0
FEBRERO,2018,INCENDIO DE VEHÍCULO,0
FEBRERO,2018,VOLCADURA,6
FEBRERO,2018,OTROS,4
FEBRERO,2019,ATROPELLO,16
FEBRERO,2019,ATROPELLO Y FUGA,7
FEBRERO,2019,CAIDA,1
FEBRERO,2019,CHOQUE,162
FEBRERO,2019,CHOQUE Y ATROPELLO,7
FEBRERO,2019,CHOQUE Y FUGA,0
FEBRERO,2019,COLISIÓN,0
FEBRERO,2019,COLISIÓN Y FUGA,0
FEBRERO,2019,DESPISTE,104
FEBRERO,2019,DESPISTE Y VOLCADURA,48
FEBRERO,2019,INCENDIO DE VEHÍCULO,6
FEBRERO,2019,VOLCADURA,7
FEBRERO,2019,OTROS,0
FEBRERO,2020,ATROPELLO,31
FEBRERO,2020,ATROPELLO Y FUGA,5
FEBRERO,2020,CAIDA,1
FEBRERO,2020,CHOQUE,195
FEBRERO,2020,CHOQUE Y ATROPELLO,6
FEBRERO,2020,CHOQUE Y FUGA,0
FEBRERO,2020,COLISIÓN,0
FEBRERO,2020,COLISIÓN Y FUGA,0
FEBRERO,2020,DESPISTE,153
FEBRERO,2020,DESPISTE Y VOLCADURA,71
FEBRERO,2020,INCENDIO DE VEHÍCULO,5
FEBRERO,2020,VOLCADURA,0
FEBRERO,2020,OTROS,4
FEBRERO,2020,ATROPELLO,31
FEBRERO,2020,ATROPELLO Y FUGA,5
FEBRERO,2020,CAIDA,1
FEBRERO,2020,CHOQUE,195
FEBRERO,2020,CHOQUE Y ATROPELLO,6
FEBRERO,2020,CHOQUE Y FUGA,0
FEBRERO,2020,COLISIÓN,0
FEBRERO,2020,COLISIÓN Y FUGA,0
FEBRERO,2020,DESPISTE,153
FEBRERO,2020,DESPISTE Y VOLCADURA,71
FEBRERO,2020,INCENDIO DE VEHÍCULO,5
FEBRERO,2020,VOLCADURA,0
FEBRERO,2020,OTROS,4
FEBRERO,2021,ATROPELLO,6
FEBRERO,2021,ATROPELLO Y FUGA,3
FEBRERO,2021,CAIDA,2
FEBRERO,2021,CHOQUE,118
FEBRERO,2021,CHOQUE Y ATROPELLO,0
FEBRERO,2021,CHOQUE Y FUGA,8
FEBRERO,2021,COLISIÓN,0
FEBRERO,2021,COLISIÓN Y FUGA,0
FEBRERO,2021,DESPISTE,79
FEBRERO,2021,DESPISTE Y VOLCADURA,60
FEBRERO,2021,INCENDIO DE VEHÍCULO,4
FEBRERO,2021,VOLCADURA,0
FEBRERO,2021,OTROS,5
FEBRERO,2022,ATROPELLO,11
FEBRERO,2022,ATROPELLO Y FUGA,9
FEBRERO,2022,CAIDA DE CARGA,1
FEBRERO,2022,CAIDA DE PASAJERO,2
FEBRERO,2022,CAIDA DE PIEDAS,1
FEBRERO,2022,CHOQUE,201
FEBRERO,2022,CHOQUE Y ATROPELLO,0
FEBRERO,2022,CHOQUE Y FUGA,10
FEBRERO,2022,COLISIÓN,0
FEBRERO,2022,COLISIÓN Y FUGA,0
FEBRERO,2022,DESPISTE,114
FEBRERO,2022,DESPISTE Y VOLCADURA,92
FEBRERO,2022,INCENDIO DE VEHÍCULO,4
FEBRERO,2022,VOLCADURA,2
FEBRERO,2022,OTROS,0
MARZO,2007,ATROPELLO,28
MARZO,2007,ATROPELLO Y FUGA,4
MARZO,2007,CHOQUE,76
MARZO,2007,DESPISTE,57
MARZO,2007,INCENDIO DE VEHÍCULO,0
MARZO,2007,VOLCADURA,6
MARZO,2007,OTROS,7
MARZO,2008,ATROPELLO,9
MARZO,2008,ATROPELLO Y FUGA,8
MARZO,2008,CHOQUE,80
MARZO,2008,DESPISTE,58
MARZO,2008,INCENDIO DE VEHÍCULO,0
MARZO,2008,VOLCADURA,5
MARZO,2008,OTROS,1
MARZO,2009,ATROPELLO,8
MARZO,2009,ATROPELLO Y FUGA,7
MARZO,2009,CHOQUE,58
MARZO,2009,DESPISTE,59
MARZO,2009,INCENDIO DE VEHÍCULO,0
MARZO,2009,VOLCADURA,4
MARZO,2009,OTROS,5
MARZO,2010,ATROPELLO,23
MARZO,2010,ATROPELLO Y FUGA,7
MARZO,2010,CAIDA DE PASAJERO,0
MARZO,2010,CHOQUE,78
MARZO,2010,CHOQUE Y FUGA,0
MARZO,2010,DESPISTE,65
MARZO,2010,INCENDIO DE VEHÍCULO,0
MARZO,2010,VOLCADURA,3
MARZO,2010,ESPECIAL,1
MARZO,2010,OTROS,0
MARZO,2011,ATROPELLO,4
MARZO,2011,ATROPELLO Y FUGA,5
MARZO,2011,CAIDA DE PASAJERO,0
MARZO,2011,CHOQUE,72
MARZO,2011,CHOQUE Y FUGA,0
MARZO,2011,DESPISTE,90
MARZO,2011,INCENDIO DE VEHÍCULO,0
MARZO,2011,VOLCADURA,6
MARZO,2011,ESPECIAL,1
MARZO,2011,OTROS,0
MARZO,2012,ATROPELLO,8
MARZO,2012,ATROPELLO Y FUGA,4
MARZO,2012,CAIDA DE PASAJERO,0
MARZO,2012,CHOQUE,75
MARZO,2012,CHOQUE Y FUGA,0
MARZO,2012,DESPISTE,64
MARZO,2012,INCENDIO DE VEHÍCULO,0
MARZO,2012,VOLCADURA,4
MARZO,2012,ESPECIAL,4
MARZO,2012,OTROS,0
MARZO,2013,ATROPELLO,18
MARZO,2013,ATROPELLO Y FUGA,12
MARZO,2013,CAIDA DE PASAJERO,0
MARZO,2013,CHOQUE,105
MARZO,2013,CHOQUE Y FUGA,0
MARZO,2013,DESPISTE,95
MARZO,2013,INCENDIO DE VEHÍCULO,0
MARZO,2013,VOLCADURA,5
MARZO,2013,ESPECIAL,5
MARZO,2013,OTROS,0
MARZO,2014,ATROPELLO,17
MARZO,2014,ATROPELLO Y FUGA,9
MARZO,2014,CAIDA DE PASAJERO,0
MARZO,2014,CHOQUE,93
MARZO,2014,CHOQUE Y FUGA,0
MARZO,2014,DESPISTE,91
MARZO,2014,INCENDIO DE VEHÍCULO,0
MARZO,2014,VOLCADURA,10
MARZO,2014,ESPECIAL,4
MARZO,2014,OTROS,0
MARZO,2015,ATROPELLO,6
MARZO,2015,ATROPELLO Y FUGA,6
MARZO,2015,CAIDA DE PASAJERO,0
MARZO,2015,CHOQUE,90
MARZO,2015,CHOQUE Y FUGA,0
MARZO,2015,DESPISTE,68
MARZO,2015,INCENDIO DE VEHÍCULO,0
MARZO,2015,VOLCADURA,3
MARZO,2015,ESPECIAL,5
MARZO,2015,OTROS,0
MARZO,2016,ATROPELLO,14
MARZO,2016,ATROPELLO Y FUGA,3
MARZO,2016,CAIDA DE PASAJERO,0
MARZO,2016,CHOQUE,99
MARZO,2016,CHOQUE Y FUGA,0
MARZO,2016,DESPISTE,119
MARZO,2016,INCENDIO DE VEHÍCULO,0
MARZO,2016,VOLCADURA,10
MARZO,2016,ESPECIAL,6
MARZO,2016,OTROS,0
MARZO,2017,ATROPELLO,15
MARZO,2017,ATROPELLO Y FUGA,13
MARZO,2017,CAIDA DE PASAJERO,0
MARZO,2017,CHOQUE,143
MARZO,2017,CHOQUE Y FUGA,0
MARZO,2017,DESPISTE,133
MARZO,2017,INCENDIO DE VEHÍCULO,0
MARZO,2017,VOLCADURA,9
MARZO,2017,ESPECIAL,8
MARZO,2017,OTROS,0
MARZO,2018,ATROPELLO,18
MARZO,2018,ATROPELLO Y FUGA,4
MARZO,2018,CAIDA,0
MARZO,2018,CHOQUE,168
MARZO,2018,CHOQUE Y ATROPELLO,0
MARZO,2018,CHOQUE Y FUGA,0
MARZO,2018,COLISIÓN,0
MARZO,2018,COLISIÓN Y FUGA,0
MARZO,2018,DESPISTE,159
MARZO,2018,DESPISTE Y VOLCADURA,0
MARZO,2018,INCENDIO DE VEHÍCULO,0
MARZO,2018,VOLCADURA,7
MARZO,2018,OTROS,11
MARZO,2019,ATROPELLO,19
MARZO,2019,ATROPELLO Y FUGA,5
MARZO,2019,CAIDA,5
MARZO,2019,CHOQUE,159
MARZO,2019,CHOQUE Y ATROPELLO,2
MARZO,2019,CHOQUE Y FUGA,0
MARZO,2019,COLISIÓN,0
MARZO,2019,COLISIÓN Y FUGA,0
MARZO,2019,DESPISTE,92
MARZO,2019,DESPISTE Y VOLCADURA,59
MARZO,2019,INCENDIO DE VEHÍCULO,2
MARZO,2019,VOLCADURA,8
MARZO,2019,OTROS,0
MARZO,2020,ATROPELLO,10
MARZO,2020,ATROPELLO Y FUGA,7
MARZO,2020,CAIDA,3
MARZO,2020,CHOQUE,83
MARZO,2020,CHOQUE Y ATROPELLO,1
MARZO,2020,CHOQUE Y FUGA,19
MARZO,2020,COLISIÓN,0
MARZO,2020,COLISIÓN Y FUGA,0
MARZO,2020,DESPISTE,109
MARZO,2020,DESPISTE Y VOLCADURA,42
MARZO,2020,INCENDIO DE VEHÍCULO,4
MARZO,2020,VOLCADURA,0
MARZO,2020,OTROS,4
MARZO,2020,ATROPELLO,10
MARZO,2020,ATROPELLO Y FUGA,7
MARZO,2020,CAIDA,3
MARZO,2020,CHOQUE,83
MARZO,2020,CHOQUE Y ATROPELLO,1
MARZO,2020,CHOQUE Y FUGA,19
MARZO,2020,COLISIÓN,0
MARZO,2020,COLISIÓN Y FUGA,0
MARZO,2020,DESPISTE,109
MARZO,2020,DESPISTE Y VOLCADURA,42
MARZO,2020,INCENDIO DE VEHÍCULO,4
MARZO,2020,VOLCADURA,0
MARZO,2020,OTROS,4
MARZO,2021,ATROPELLO,11
MARZO,2021,ATROPELLO Y FUGA,2
MARZO,2021,CAIDA,0
MARZO,2021,CHOQUE,173
MARZO,2021,CHOQUE Y ATROPELLO,0
MARZO,2021,CHOQUE Y FUGA,12
MARZO,2021,COLISIÓN,0
MARZO,2021,COLISIÓN Y FUGA,0
MARZO,2021,DESPISTE,98
MARZO,2021,DESPISTE Y VOLCADURA,65
MARZO,2021,INCENDIO DE VEHÍCULO,1
MARZO,2021,VOLCADURA,3
MARZO,2021,OTROS,2
MARZO,2022,ATROPELLO,13
MARZO,2022,ATROPELLO Y FUGA,8
MARZO,2022,CAIDA DE CARGA,2
MARZO,2022,CAIDA DE PASAJERO,0
MARZO,2022,CAIDA DE PIEDAS,3
MARZO,2022,CHOQUE,180
MARZO,2022,CHOQUE Y ATROPELLO,0
MARZO,2022,CHOQUE Y FUGA,5
MARZO,2022,COLISIÓN,0
MARZO,2022,COLISIÓN Y FUGA,0
MARZO,2022,DESPISTE,140
MARZO,2022,DESPISTE Y VOLCADURA,86
MARZO,2022,INCENDIO DE VEHÍCULO,7
MARZO,2022,VOLCADURA,6
MARZO,2022,OTROS,0
ABRIL,2007,ATROPELLO,10
ABRIL,2007,ATROPELLO Y FUGA,7
ABRIL,2007,CHOQUE,90
ABRIL,2007,DESPISTE,51
ABRIL,2007,INCENDIO DE VEHÍCULO,0
ABRIL,2007,VOLCADURA,5
ABRIL,2007,OTROS,18
ABRIL,2008,ATROPELLO,12
ABRIL,2008,ATROPELLO Y FUGA,3
ABRIL,2008,CHOQUE,65
ABRIL,2008,DESPISTE,49
ABRIL,2008,INCENDIO DE VEHÍCULO,0
ABRIL,2008,VOLCADURA,8
ABRIL,2008,OTROS,7
ABRIL,2009,ATROPELLO,14
ABRIL,2009,ATROPELLO Y FUGA,5
ABRIL,2009,CHOQUE,78
ABRIL,2009,DESPISTE,72
ABRIL,2009,INCENDIO DE VEHÍCULO,0
ABRIL,2009,VOLCADURA,8
ABRIL,2009,OTROS,4
ABRIL,2010,ATROPELLO,13
ABRIL,2010,ATROPELLO Y FUGA,6
ABRIL,2010,CAIDA DE PASAJERO,0
ABRIL,2010,CHOQUE,86
ABRIL,2010,CHOQUE Y FUGA,0
ABRIL,2010,DESPISTE,76
ABRIL,2010,INCENDIO DE VEHÍCULO,0
ABRIL,2010,VOLCADURA,5
ABRIL,2010,ESPECIAL,6
ABRIL,2010,OTROS,0
ABRIL,2011,ATROPELLO,17
ABRIL,2011,ATROPELLO Y FUGA,3
ABRIL,2011,CAIDA DE PASAJERO,0
ABRIL,2011,CHOQUE,81
ABRIL,2011,CHOQUE Y FUGA,0
ABRIL,2011,DESPISTE,98
ABRIL,2011,INCENDIO DE VEHÍCULO,0
ABRIL,2011,VOLCADURA,4
ABRIL,2011,ESPECIAL,8
ABRIL,2011,OTROS,0
ABRIL,2012,ATROPELLO,15
ABRIL,2012,ATROPELLO Y FUGA,4
ABRIL,2012,CAIDA DE PASAJERO,0
ABRIL,2012,CHOQUE,90
ABRIL,2012,CHOQUE Y FUGA,0
ABRIL,2012,DESPISTE,86
ABRIL,2012,INCENDIO DE VEHÍCULO,0
ABRIL,2012,VOLCADURA,4
ABRIL,2012,ESPECIAL,7
ABRIL,2012,OTROS,0
ABRIL,2013,ATROPELLO,15
ABRIL,2013,ATROPELLO Y FUGA,4
ABRIL,2013,CAIDA DE PASAJERO,0
ABRIL,2013,CHOQUE,75
ABRIL,2013,CHOQUE Y FUGA,0
ABRIL,2013,DESPISTE,78
ABRIL,2013,INCENDIO DE VEHÍCULO,0
ABRIL,2013,VOLCADURA,6
ABRIL,2013,ESPECIAL,7
ABRIL,2013,OTROS,0
ABRIL,2014,ATROPELLO,14
ABRIL,2014,ATROPELLO Y FUGA,4
ABRIL,2014,CAIDA DE PASAJERO,0
ABRIL,2014,CHOQUE,94
ABRIL,2014,CHOQUE Y FUGA,0
ABRIL,2014,DESPISTE,76
ABRIL,2014,INCENDIO DE VEHÍCULO,0
ABRIL,2014,VOLCADURA,6
ABRIL,2014,ESPECIAL,5
ABRIL,2014,OTROS,0
ABRIL,2015,ATROPELLO,12
ABRIL,2015,ATROPELLO Y FUGA,2
ABRIL,2015,CAIDA DE PASAJERO,0
ABRIL,2015,CHOQUE,71
ABRIL,2015,CHOQUE Y FUGA,0
ABRIL,2015,DESPISTE,61
ABRIL,2015,INCENDIO DE VEHÍCULO,0
ABRIL,2015,VOLCADURA,6
ABRIL,2015,ESPECIAL,2
ABRIL,2015,OTROS,0
ABRIL,2016,ATROPELLO,9
ABRIL,2016,ATROPELLO Y FUGA,7
ABRIL,2016,CAIDA DE PASAJERO,0
ABRIL,2016,CHOQUE,105
ABRIL,2016,CHOQUE Y FUGA,0
ABRIL,2016,DESPISTE,88
ABRIL,2016,INCENDIO DE VEHÍCULO,0
ABRIL,2016,VOLCADURA,10
ABRIL,2016,ESPECIAL,8
ABRIL,2016,OTROS,0
ABRIL,2017,ATROPELLO,12
ABRIL,2017,ATROPELLO Y FUGA,8
ABRIL,2017,CAIDA DE PASAJERO,0
ABRIL,2017,CHOQUE,110
ABRIL,2017,CHOQUE Y FUGA,0
ABRIL,2017,DESPISTE,128
ABRIL,2017,INCENDIO DE VEHÍCULO,0
ABRIL,2017,VOLCADURA,4
ABRIL,2017,ESPECIAL,5
ABRIL,2017,OTROS,0
ABRIL,2018,ATROPELLO,13
ABRIL,2018,ATROPELLO Y FUGA,5
ABRIL,2018,CAIDA,0
ABRIL,2018,CHOQUE,127
ABRIL,2018,CHOQUE Y ATROPELLO,0
ABRIL,2018,CHOQUE Y FUGA,0
ABRIL,2018,COLISIÓN,0
ABRIL,2018,COLISIÓN Y FUGA,0
ABRIL,2018,DESPISTE,130
ABRIL,2018,DESPISTE Y VOLCADURA,0
ABRIL,2018,INCENDIO DE VEHÍCULO,0
ABRIL,2018,VOLCADURA,7
ABRIL,2018,OTROS,8
ABRIL,2019,ATROPELLO,14
ABRIL,2019,ATROPELLO Y FUGA,5
ABRIL,2019,CAIDA,1
ABRIL,2019,CHOQUE,157
ABRIL,2019,CHOQUE Y ATROPELLO,1
ABRIL,2019,CHOQUE Y FUGA,0
ABRIL,2019,COLISIÓN,0
ABRIL,2019,COLISIÓN Y FUGA,0
ABRIL,2019,DESPISTE,114
ABRIL,2019,DESPISTE Y VOLCADURA,48
ABRIL,2019,INCENDIO DE VEHÍCULO,3
ABRIL,2019,VOLCADURA,8
ABRIL,2019,OTROS,0
ABRIL,2020,ATROPELLO,2
ABRIL,2020,ATROPELLO Y FUGA,1
ABRIL,2020,CAIDA,1
ABRIL,2020,CHOQUE,14
ABRIL,2020,CHOQUE Y ATROPELLO,0
ABRIL,2020,CHOQUE Y FUGA,2
ABRIL,2020,COLISIÓN,0
ABRIL,2020,COLISIÓN Y FUGA,0
ABRIL,2020,DESPISTE,36
ABRIL,2020,DESPISTE Y VOLCADURA,33
ABRIL,2020,INCENDIO DE VEHÍCULO,1
ABRIL,2020,VOLCADURA,0
ABRIL,2020,OTROS,2
ABRIL,2020,ATROPELLO,2
ABRIL,2020,ATROPELLO Y FUGA,1
ABRIL,2020,CAIDA,1
ABRIL,2020,CHOQUE,14
ABRIL,2020,CHOQUE Y ATROPELLO,0
ABRIL,2020,CHOQUE Y FUGA,2
ABRIL,2020,COLISIÓN,0
ABRIL,2020,COLISIÓN Y FUGA,0
ABRIL,2020,DESPISTE,36
ABRIL,2020,DESPISTE Y VOLCADURA,33
ABRIL,2020,INCENDIO DE VEHÍCULO,1
ABRIL,2020,VOLCADURA,0
ABRIL,2020,OTROS,2
ABRIL,2021,ATROPELLO,11
ABRIL,2021,ATROPELLO Y FUGA,5
ABRIL,2021,CAIDA,4
ABRIL,2021,CHOQUE,132
ABRIL,2021,CHOQUE Y ATROPELLO,0
ABRIL,2021,CHOQUE Y FUGA,6
ABRIL,2021,COLISIÓN,0
ABRIL,2021,COLISIÓN Y FUGA,0
ABRIL,2021,DESPISTE,104
ABRIL,2021,DESPISTE Y VOLCADURA,62
ABRIL,2021,INCENDIO DE VEHÍCULO,2
ABRIL,2021,VOLCADURA,1
ABRIL,2021,OTROS,6
ABRIL,2022,ATROPELLO,9
ABRIL,2022,ATROPELLO Y FUGA,4
ABRIL,2022,CAIDA DE CARGA,2
ABRIL,2022,CAIDA DE PASAJERO,2
ABRIL,2022,CAIDA DE PIEDAS,2
ABRIL,2022,CHOQUE,147
ABRIL,2022,CHOQUE Y ATROPELLO,0
ABRIL,2022,CHOQUE Y FUGA,15
ABRIL,2022,COLISIÓN,0
ABRIL,2022,COLISIÓN Y FUGA,0
ABRIL,2022,DESPISTE,118
ABRIL,2022,DESPISTE Y VOLCADURA,69
ABRIL,2022,INCENDIO DE VEHÍCULO,2
ABRIL,2022,VOLCADURA,0
ABRIL,2022,OTROS,0
MAYO,2007,ATROPELLO,21
MAYO,2007,ATROPELLO Y FUGA,7
MAYO,2007,CHOQUE,73
MAYO,2007,DESPISTE,54
MAYO,2007,INCENDIO DE VEHÍCULO,0
MAYO,2007,VOLCADURA,3
MAYO,2007,OTROS,8
MAYO,2008,ATROPELLO,8
MAYO,2008,ATROPELLO Y FUGA,4
MAYO,2008,CHOQUE,63
MAYO,2008,DESPISTE,54
MAYO,2008,INCENDIO DE VEHÍCULO,0
MAYO,2008,VOLCADURA,1
MAYO,2008,OTROS,0
MAYO,2009,ATROPELLO,12
MAYO,2009,ATROPELLO Y FUGA,1
MAYO,2009,CHOQUE,54
MAYO,2009,DESPISTE,66
MAYO,2009,INCENDIO DE VEHÍCULO,0
MAYO,2009,VOLCADURA,5
MAYO,2009,OTROS,12
MAYO,2010,ATROPELLO,11
MAYO,2010,ATROPELLO Y FUGA,7
MAYO,2010,CAIDA DE PASAJERO,0
MAYO,2010,CHOQUE,87
MAYO,2010,CHOQUE Y FUGA,0
MAYO,2010,DESPISTE,83
MAYO,2010,INCENDIO DE VEHÍCULO,0
MAYO,2010,VOLCADURA,14
MAYO,2010,ESPECIAL,5
MAYO,2010,OTROS,0
MAYO,2011,ATROPELLO,10
MAYO,2011,ATROPELLO Y FUGA,8
MAYO,2011,CAIDA DE PASAJERO,0
MAYO,2011,CHOQUE,80
MAYO,2011,CHOQUE Y FUGA,0
MAYO,2011,DESPISTE,58
MAYO,2011,INCENDIO DE VEHÍCULO,0
MAYO,2011,VOLCADURA,10
MAYO,2011,ESPECIAL,4
MAYO,2011,OTROS,0
MAYO,2012,ATROPELLO,9
MAYO,2012,ATROPELLO Y FUGA,2
MAYO,2012,CAIDA DE PASAJERO,0
MAYO,2012,CHOQUE,51
MAYO,2012,CHOQUE Y FUGA,0
MAYO,2012,DESPISTE,58
MAYO,2012,INCENDIO DE VEHÍCULO,0
MAYO,2012,VOLCADURA,6
MAYO,2012,ESPECIAL,3
MAYO,2012,OTROS,0
MAYO,2013,ATROPELLO,12
MAYO,2013,ATROPELLO Y FUGA,4
MAYO,2013,CAIDA DE PASAJERO,0
MAYO,2013,CHOQUE,83
MAYO,2013,CHOQUE Y FUGA,0
MAYO,2013,DESPISTE,73
MAYO,2013,INCENDIO DE VEHÍCULO,0
MAYO,2013,VOLCADURA,4
MAYO,2013,ESPECIAL,6
MAYO,2013,OTROS,0
MAYO,2014,ATROPELLO,20
MAYO,2014,ATROPELLO Y FUGA,2
MAYO,2014,CAIDA DE PASAJERO,0
MAYO,2014,CHOQUE,64
MAYO,2014,CHOQUE Y FUGA,0
MAYO,2014,DESPISTE,82
MAYO,2014,INCENDIO DE VEHÍCULO,0
MAYO,2014,VOLCADURA,5
MAYO,2014,ESPECIAL,4
MAYO,2014,OTROS,0
MAYO,2015,ATROPELLO,6
MAYO,2015,ATROPELLO Y FUGA,4
MAYO,2015,CAIDA DE PASAJERO,0
MAYO,2015,CHOQUE,60
MAYO,2015,CHOQUE Y FUGA,0
MAYO,2015,DESPISTE,48
MAYO,2015,INCENDIO DE VEHÍCULO,0
MAYO,2015,VOLCADURA,6
MAYO,2015,ESPECIAL,4
MAYO,2015,OTROS,0
MAYO,2016,ATROPELLO,14
MAYO,2016,ATROPELLO Y FUGA,6
MAYO,2016,CAIDA DE PASAJERO,0
MAYO,2016,CHOQUE,79
MAYO,2016,CHOQUE Y FUGA,0
MAYO,2016,DESPISTE,118
MAYO,2016,INCENDIO DE VEHÍCULO,0
MAYO,2016,VOLCADURA,4
MAYO,2016,ESPECIAL,8
MAYO,2016,OTROS,0
MAYO,2017,ATROPELLO,17
MAYO,2017,ATROPELLO Y FUGA,2
MAYO,2017,CAIDA DE PASAJERO,0
MAYO,2017,CHOQUE,86
MAYO,2017,CHOQUE Y FUGA,0
MAYO,2017,DESPISTE,119
MAYO,2017,INCENDIO DE VEHÍCULO,0
MAYO,2017,VOLCADURA,10
MAYO,2017,ESPECIAL,6
MAYO,2017,OTROS,0
MAYO,2018,ATROPELLO,17
MAYO,2018,ATROPELLO Y FUGA,8
MAYO,2018,CAIDA,0
MAYO,2018,CHOQUE,152
MAYO,2018,CHOQUE Y ATROPELLO,0
MAYO,2018,CHOQUE Y FUGA,0
MAYO,2018,COLISIÓN,0
MAYO,2018,COLISIÓN Y FUGA,0
MAYO,2018,DESPISTE,133
MAYO,2018,DESPISTE Y VOLCADURA,0
MAYO,2018,INCENDIO DE VEHÍCULO,0
MAYO,2018,VOLCADURA,20
MAYO,2018,OTROS,10
MAYO,2019,ATROPELLO,13
MAYO,2019,ATROPELLO Y FUGA,7
MAYO,2019,CAIDA,2
MAYO,2019,CHOQUE,142
MAYO,2019,CHOQUE Y ATROPELLO,4
MAYO,2019,CHOQUE Y FUGA,0
MAYO,2019,COLISIÓN,0
MAYO,2019,COLISIÓN Y FUGA,0
MAYO,2019,DESPISTE,83
MAYO,2019,DESPISTE Y VOLCADURA,52
MAYO,2019,INCENDIO DE VEHÍCULO,4
MAYO,2019,VOLCADURA,7
MAYO,2019,OTROS,0
MAYO,2020,ATROPELLO,5
MAYO,2020,ATROPELLO Y FUGA,3
MAYO,2020,CAIDA,4
MAYO,2020,CHOQUE,26
MAYO,2020,CHOQUE Y ATROPELLO,0
MAYO,2020,CHOQUE Y FUGA,1
MAYO,2020,COLISIÓN,0
MAYO,2020,COLISIÓN Y FUGA,0
MAYO,2020,DESPISTE,41
MAYO,2020,DESPISTE Y VOLCADURA,39
MAYO,2020,INCENDIO DE VEHÍCULO,1
MAYO,2020,VOLCADURA,0
MAYO,2020,OTROS,3
MAYO,2020,ATROPELLO,5
MAYO,2020,ATROPELLO Y FUGA,3
MAYO,2020,CAIDA,4
MAYO,2020,CHOQUE,26
MAYO,2020,CHOQUE Y ATROPELLO,0
MAYO,2020,CHOQUE Y FUGA,1
MAYO,2020,COLISIÓN,0
MAYO,2020,COLISIÓN Y FUGA,0
MAYO,2020,DESPISTE,41
MAYO,2020,DESPISTE Y VOLCADURA,39
MAYO,2020,INCENDIO DE VEHÍCULO,1
MAYO,2020,VOLCADURA,0
MAYO,2020,OTROS,3
MAYO,2021,ATROPELLO,11
MAYO,2021,ATROPELLO Y FUGA,5
MAYO,2021,CAIDA,1
MAYO,2021,CHOQUE,185
MAYO,2021,CHOQUE Y ATROPELLO,0
MAYO,2021,CHOQUE Y FUGA,10
MAYO,2021,COLISIÓN,0
MAYO,2021,COLISIÓN Y FUGA,0
MAYO,2021,DESPISTE,107
MAYO,2021,DESPISTE Y VOLCADURA,91
MAYO,2021,INCENDIO DE VEHÍCULO,6
MAYO,2021,VOLCADURA,0
MAYO,2021,OTROS,4
MAYO,2022,ATROPELLO,18
MAYO,2022,ATROPELLO Y FUGA,11
MAYO,2022,CAIDA DE CARGA,3
MAYO,2022,CAIDA DE PASAJERO,0
MAYO,2022,CAIDA DE PIEDAS,1
MAYO,2022,CHOQUE,180
MAYO,2022,CHOQUE Y ATROPELLO,0
MAYO,2022,CHOQUE Y FUGA,10
MAYO,2022,COLISIÓN,0
MAYO,2022,COLISIÓN Y FUGA,0
MAYO,2022,DESPISTE,112
MAYO,2022,DESPISTE Y VOLCADURA,72
MAYO,2022,INCENDIO DE VEHÍCULO,3
MAYO,2022,VOLCADURA,2
MAYO,2022,OTROS,0
JUNIO,2007,ATROPELLO,20
JUNIO,2007,ATROPELLO Y FUGA,8
JUNIO,2007,CHOQUE,56
JUNIO,2007,DESPISTE,54
JUNIO,2007,INCENDIO DE VEHÍCULO,0
JUNIO,2007,VOLCADURA,1
JUNIO,2007,OTROS,11
JUNIO,2008,ATROPELLO,12
JUNIO,2008,ATROPELLO Y FUGA,3
JUNIO,2008,CHOQUE,69
JUNIO,2008,DESPISTE,44
JUNIO,2008,INCENDIO DE VEHÍCULO,0
JUNIO,2008,VOLCADURA,1
JUNIO,2008,OTROS,5
JUNIO,2009,ATROPELLO,10
JUNIO,2009,ATROPELLO Y FUGA,6
JUNIO,2009,CHOQUE,57
JUNIO,2009,DESPISTE,47
JUNIO,2009,INCENDIO DE VEHÍCULO,0
JUNIO,2009,VOLCADURA,6
JUNIO,2009,OTROS,4
JUNIO,2010,ATROPELLO,7
JUNIO,2010,ATROPELLO Y FUGA,8
JUNIO,2010,CAIDA DE PASAJERO,0
JUNIO,2010,CHOQUE,64
JUNIO,2010,CHOQUE Y FUGA,0
JUNIO,2010,DESPISTE,64
JUNIO,2010,INCENDIO DE VEHÍCULO,0
JUNIO,2010,VOLCADURA,2
JUNIO,2010,ESPECIAL,5
JUNIO,2010,OTROS,0
JUNIO,2011,ATROPELLO,9
JUNIO,2011,ATROPELLO Y FUGA,4
JUNIO,2011,CAIDA DE PASAJERO,0
JUNIO,2011,CHOQUE,77
JUNIO,2011,CHOQUE Y FUGA,0
JUNIO,2011,DESPISTE,89
JUNIO,2011,INCENDIO DE VEHÍCULO,0
JUNIO,2011,VOLCADURA,9
JUNIO,2011,ESPECIAL,6
JUNIO,2011,OTROS,0
JUNIO,2012,ATROPELLO,8
JUNIO,2012,ATROPELLO Y FUGA,6
JUNIO,2012,CAIDA DE PASAJERO,0
JUNIO,2012,CHOQUE,51
JUNIO,2012,CHOQUE Y FUGA,0
JUNIO,2012,DESPISTE,53
JUNIO,2012,INCENDIO DE VEHÍCULO,0
JUNIO,2012,VOLCADURA,5
JUNIO,2012,ESPECIAL,1
JUNIO,2012,OTROS,0
JUNIO,2013,ATROPELLO,13
JUNIO,2013,ATROPELLO Y FUGA,8
JUNIO,2013,CAIDA DE PASAJERO,0
JUNIO,2013,CHOQUE,96
JUNIO,2013,CHOQUE Y FUGA,0
JUNIO,2013,DESPISTE,91
JUNIO,2013,INCENDIO DE VEHÍCULO,0
JUNIO,2013,VOLCADURA,6
JUNIO,2013,ESPECIAL,6
JUNIO,2013,OTROS,0
JUNIO,2014,ATROPELLO,10
JUNIO,2014,ATROPELLO Y FUGA,6
JUNIO,2014,CAIDA DE PASAJERO,0
JUNIO,2014,CHOQUE,66
JUNIO,2014,CHOQUE Y FUGA,0
JUNIO,2014,DESPISTE,68
JUNIO,2014,INCENDIO DE VEHÍCULO,0
JUNIO,2014,VOLCADURA,3
JUNIO,2014,ESPECIAL,4
JUNIO,2014,OTROS,0
JUNIO,2015,ATROPELLO,8
JUNIO,2015,ATROPELLO Y FUGA,5
JUNIO,2015,CAIDA DE PASAJERO,0
JUNIO,2015,CHOQUE,58
JUNIO,2015,CHOQUE Y FUGA,0
JUNIO,2015,DESPISTE,69
JUNIO,2015,INCENDIO DE VEHÍCULO,0
JUNIO,2015,VOLCADURA,6
JUNIO,2015,ESPECIAL,2
JUNIO,2015,OTROS,0
JUNIO,2016,ATROPELLO,13
JUNIO,2016,ATROPELLO Y FUGA,6
JUNIO,2016,CAIDA DE PASAJERO,0
JUNIO,2016,CHOQUE,104
JUNIO,2016,CHOQUE Y FUGA,0
JUNIO,2016,DESPISTE,82
JUNIO,2016,INCENDIO DE VEHÍCULO,0
JUNIO,2016,VOLCADURA,2
JUNIO,2016,ESPECIAL,6
JUNIO,2016,OTROS,0
JUNIO,2017,ATROPELLO,7
JUNIO,2017,ATROPELLO Y FUGA,7
JUNIO,2017,CAIDA DE PASAJERO,0
JUNIO,2017,CHOQUE,100
JUNIO,2017,CHOQUE Y FUGA,0
JUNIO,2017,DESPISTE,100
JUNIO,2017,INCENDIO DE VEHÍCULO,0
JUNIO,2017,VOLCADURA,4
JUNIO,2017,ESPECIAL,9
JUNIO,2017,OTROS,0
JUNIO,2018,ATROPELLO,17
JUNIO,2018,ATROPELLO Y FUGA,2
JUNIO,2018,CAIDA,1
JUNIO,2018,CHOQUE,124
JUNIO,2018,CHOQUE Y ATROPELLO,0
JUNIO,2018,CHOQUE Y FUGA,7
JUNIO,2018,COLISIÓN,0
JUNIO,2018,COLISIÓN Y FUGA,0
JUNIO,2018,DESPISTE,116
JUNIO,2018,DESPISTE Y VOLCADURA,45
JUNIO,2018,INCENDIO DE VEHÍCULO,3
JUNIO,2018,VOLCADURA,8
JUNIO,2018,OTROS,0
JUNIO,2019,ATROPELLO,16
JUNIO,2019,ATROPELLO Y FUGA,11
JUNIO,2019,CAIDA,3
JUNIO,2019,CHOQUE,131
JUNIO,2019,CHOQUE Y ATROPELLO,5
JUNIO,2019,CHOQUE Y FUGA,0
JUNIO,2019,COLISIÓN,0
JUNIO,2019,COLISIÓN Y FUGA,0
JUNIO,2019,DESPISTE,106
JUNIO,2019,DESPISTE Y VOLCADURA,49
JUNIO,2019,INCENDIO DE VEHÍCULO,3
JUNIO,2019,VOLCADURA,8
JUNIO,2019,OTROS,0
JUNIO,2020,ATROPELLO,7
JUNIO,2020,ATROPELLO Y FUGA,4
JUNIO,2020,CAIDA,1
JUNIO,2020,CHOQUE,66
JUNIO,2020,CHOQUE Y ATROPELLO,0
JUNIO,2020,CHOQUE Y FUGA,5
JUNIO,2020,COLISIÓN,0
JUNIO,2020,COLISIÓN Y FUGA,0
JUNIO,2020,DESPISTE,67
JUNIO,2020,DESPISTE Y VOLCADURA,32
JUNIO,2020,INCENDIO DE VEHÍCULO,4
JUNIO,2020,VOLCADURA,0
JUNIO,2020,OTROS,3
JUNIO,2020,ATROPELLO,7
JUNIO,2020,ATROPELLO Y FUGA,4
JUNIO,2020,CAIDA,1
JUNIO,2020,CHOQUE,66
JUNIO,2020,CHOQUE Y ATROPELLO,0
JUNIO,2020,CHOQUE Y FUGA,5
JUNIO,2020,COLISIÓN,0
JUNIO,2020,COLISIÓN Y FUGA,0
JUNIO,2020,DESPISTE,67
JUNIO,2020,DESPISTE Y VOLCADURA,32
JUNIO,2020,INCENDIO DE VEHÍCULO,4
JUNIO,2020,VOLCADURA,0
JUNIO,2020,OTROS,3
JUNIO,2021,ATROPELLO,16
JUNIO,2021,ATROPELLO Y FUGA,7
JUNIO,2021,CAIDA,1
JUNIO,2021,CHOQUE,194
JUNIO,2021,CHOQUE Y ATROPELLO,0
JUNIO,2021,CHOQUE Y FUGA,4
JUNIO,2021,COLISIÓN,0
JUNIO,2021,COLISIÓN Y FUGA,0
JUNIO,2021,DESPISTE,121
JUNIO,2021,DESPISTE Y VOLCADURA,88
JUNIO,2021,INCENDIO DE VEHÍCULO,6
JUNIO,2021,VOLCADURA,0
JUNIO,2021,OTROS,4
JUNIO,2022,ATROPELLO,16
JUNIO,2022,ATROPELLO Y FUGA,3
JUNIO,2022,CAIDA DE CARGA,2
JUNIO,2022,CAIDA DE PASAJERO,4
JUNIO,2022,CAIDA DE PIEDAS,0
JUNIO,2022,CHOQUE,202
JUNIO,2022,CHOQUE Y ATROPELLO,0
JUNIO,2022,CHOQUE Y FUGA,4
JUNIO,2022,COLISIÓN,0
JUNIO,2022,COLISIÓN Y FUGA,0
JUNIO,2022,DESPISTE,135
JUNIO,2022,DESPISTE Y VOLCADURA,71
JUNIO,2022,INCENDIO DE VEHÍCULO,2
JUNIO,2022,VOLCADURA,2
JUNIO,2022,OTROS,0
JULIO,2007,ATROPELLO,10
JULIO,2007,ATROPELLO Y FUGA,6
JULIO,2007,CHOQUE,78
JULIO,2007,DESPISTE,55
JULIO,2007,INCENDIO DE VEHÍCULO,0
JULIO,2007,VOLCADURA,11
JULIO,2007,OTROS,5
JULIO,2008,ATROPELLO,12
JULIO,2008,ATROPELLO Y FUGA,2
JULIO,2008,CHOQUE,72
JULIO,2008,DESPISTE,62
JULIO,2008,INCENDIO DE VEHÍCULO,0
JULIO,2008,VOLCADURA,5
JULIO,2008,OTROS,4
JULIO,2009,ATROPELLO,9
JULIO,2009,ATROPELLO Y FUGA,2
JULIO,2009,CHOQUE,68
JULIO,2009,DESPISTE,74
JULIO,2009,INCENDIO DE VEHÍCULO,0
JULIO,2009,VOLCADURA,2
JULIO,2009,OTROS,3
JULIO,2010,ATROPELLO,11
JULIO,2010,ATROPELLO Y FUGA,5
JULIO,2010,CAIDA DE PASAJERO,0
JULIO,2010,CHOQUE,57
JULIO,2010,CHOQUE Y FUGA,0
JULIO,2010,DESPISTE,81
JULIO,2010,INCENDIO DE VEHÍCULO,0
JULIO,2010,VOLCADURA,6
JULIO,2010,ESPECIAL,4
JULIO,2010,OTROS,0
JULIO,2011,ATROPELLO,10
JULIO,2011,ATROPELLO Y FUGA,4
JULIO,2011,CAIDA DE PASAJERO,0
JULIO,2011,CHOQUE,90
JULIO,2011,CHOQUE Y FUGA,0
JULIO,2011,DESPISTE,79
JULIO,2011,INCENDIO DE VEHÍCULO,0
JULIO,2011,VOLCADURA,2
JULIO,2011,ESPECIAL,3
JULIO,2011,OTROS,0
JULIO,2012,ATROPELLO,11
JULIO,2012,ATROPELLO Y FUGA,1
JULIO,2012,CAIDA DE PASAJERO,0
JULIO,2012,CHOQUE,64
JULIO,2012,CHOQUE Y FUGA,0
JULIO,2012,DESPISTE,39
JULIO,2012,INCENDIO DE VEHÍCULO,0
JULIO,2012,VOLCADURA,3
JULIO,2012,ESPECIAL,3
JULIO,2012,OTROS,0
JULIO,2013,ATROPELLO,14
JULIO,2013,ATROPELLO Y FUGA,5
JULIO,2013,CAIDA DE PASAJERO,0
JULIO,2013,CHOQUE,82
JULIO,2013,CHOQUE Y FUGA,0
JULIO,2013,DESPISTE,85
JULIO,2013,INCENDIO DE VEHÍCULO,0
JULIO,2013,VOLCADURA,8
JULIO,2013,ESPECIAL,5
JULIO,2013,OTROS,0
JULIO,2014,ATROPELLO,16
JULIO,2014,ATROPELLO Y FUGA,7
JULIO,2014,CAIDA DE PASAJERO,0
JULIO,2014,CHOQUE,83
JULIO,2014,CHOQUE Y FUGA,0
JULIO,2014,DESPISTE,55
JULIO,2014,INCENDIO DE VEHÍCULO,0
JULIO,2014,VOLCADURA,5
JULIO,2014,ESPECIAL,4
JULIO,2014,OTROS,0
JULIO,2015,ATROPELLO,7
JULIO,2015,ATROPELLO Y FUGA,3
JULIO,2015,CAIDA DE PASAJERO,0
JULIO,2015,CHOQUE,69
JULIO,2015,CHOQUE Y FUGA,0
JULIO,2015,DESPISTE,89
JULIO,2015,INCENDIO DE VEHÍCULO,0
JULIO,2015,VOLCADURA,12
JULIO,2015,ESPECIAL,2
JULIO,2015,OTROS,0
JULIO,2016,ATROPELLO,13
JULIO,2016,ATROPELLO Y FUGA,5
JULIO,2016,CAIDA DE PASAJERO,0
JULIO,2016,CHOQUE,105
JULIO,2016,CHOQUE Y FUGA,0
JULIO,2016,DESPISTE,137
JULIO,2016,INCENDIO DE VEHÍCULO,0
JULIO,2016,VOLCADURA,6
JULIO,2016,ESPECIAL,5
JULIO,2016,OTROS,0
JULIO,2017,ATROPELLO,11
JULIO,2017,ATROPELLO Y FUGA,5
JULIO,2017,CAIDA DE PASAJERO,0
JULIO,2017,CHOQUE,132
JULIO,2017,CHOQUE Y FUGA,0
JULIO,2017,DESPISTE,145
JULIO,2017,INCENDIO DE VEHÍCULO,0
JULIO,2017,VOLCADURA,6
JULIO,2017,ESPECIAL,6
JULIO,2017,OTROS,0
JULIO,2018,ATROPELLO,10
JULIO,2018,ATROPELLO Y FUGA,3
JULIO,2018,CAIDA,0
JULIO,2018,CHOQUE,131
JULIO,2018,CHOQUE Y ATROPELLO,0
JULIO,2018,CHOQUE Y FUGA,4
JULIO,2018,COLISIÓN,0
JULIO,2018,COLISIÓN Y FUGA,0
JULIO,2018,DESPISTE,100
JULIO,2018,DESPISTE Y VOLCADURA,60
JULIO,2018,INCENDIO DE VEHÍCULO,3
JULIO,2018,VOLCADURA,9
JULIO,2018,OTROS,2
JULIO,2019,ATROPELLO,14
JULIO,2019,ATROPELLO Y FUGA,3
JULIO,2019,CAIDA,1
JULIO,2019,CHOQUE,146
JULIO,2019,CHOQUE Y ATROPELLO,4
JULIO,2019,CHOQUE Y FUGA,0
JULIO,2019,COLISIÓN,0
JULIO,2019,COLISIÓN Y FUGA,0
JULIO,2019,DESPISTE,109
JULIO,2019,DESPISTE Y VOLCADURA,55
JULIO,2019,INCENDIO DE VEHÍCULO,3
JULIO,2019,VOLCADURA,11
JULIO,2019,OTROS,0
JULIO,2020,ATROPELLO,10
JULIO,2020,ATROPELLO Y FUGA,4
JULIO,2020,CAIDA,1
JULIO,2020,CHOQUE,96
JULIO,2020,CHOQUE Y ATROPELLO,0
JULIO,2020,CHOQUE Y FUGA,6
JULIO,2020,COLISIÓN,0
JULIO,2020,COLISIÓN Y FUGA,0
JULIO,2020,DESPISTE,78
JULIO,2020,DESPISTE Y VOLCADURA,64
JULIO,2020,INCENDIO DE VEHÍCULO,2
JULIO,2020,VOLCADURA,0
JULIO,2020,OTROS,4
JULIO,2020,ATROPELLO,10
JULIO,2020,ATROPELLO Y FUGA,4
JULIO,2020,CAIDA,1
JULIO,2020,CHOQUE,96
JULIO,2020,CHOQUE Y ATROPELLO,0
JULIO,2020,CHOQUE Y FUGA,6
JULIO,2020,COLISIÓN,0
JULIO,2020,COLISIÓN Y FUGA,0
JULIO,2020,DESPISTE,78
JULIO,2020,DESPISTE Y VOLCADURA,64
JULIO,2020,INCENDIO DE VEHÍCULO,2
JULIO,2020,VOLCADURA,0
JULIO,2020,OTROS,4
JULIO,2021,ATROPELLO,10
JULIO,2021,ATROPELLO Y FUGA,3
JULIO,2021,CAIDA,5
JULIO,2021,CHOQUE,205
JULIO,2021,CHOQUE Y ATROPELLO,0
JULIO,2021,CHOQUE Y FUGA,10
JULIO,2021,COLISIÓN,0
JULIO,2021,COLISIÓN Y FUGA,0
JULIO,2021,DESPISTE,99
JULIO,2021,DESPISTE Y VOLCADURA,87
JULIO,2021,INCENDIO DE VEHÍCULO,2
JULIO,2021,VOLCADURA,1
JULIO,2021,OTROS,8
JULIO,2022,ATROPELLO,15
JULIO,2022,ATROPELLO Y FUGA,5
JULIO,2022,CAIDA DE CARGA,2
JULIO,2022,CAIDA DE PASAJERO,0
JULIO,2022,CAIDA DE PIEDAS,0
JULIO,2022,CHOQUE,175
JULIO,2022,CHOQUE Y ATROPELLO,0
JULIO,2022,CHOQUE Y FUGA,4
JULIO,2022,COLISIÓN,0
JULIO,2022,COLISIÓN Y FUGA,0
JULIO,2022,DESPISTE,129
JULIO,2022,DESPISTE Y VOLCADURA,57
JULIO,2022,INCENDIO DE VEHÍCULO,3
JULIO,2022,VOLCADURA,7
JULIO,2022,OTROS,0
AGOSTO,2007,ATROPELLO,8
AGOSTO,2007,ATROPELLO Y FUGA,4
AGOSTO,2007,CHOQUE,68
AGOSTO,2007,DESPISTE,49
AGOSTO,2007,INCENDIO DE VEHÍCULO,0
AGOSTO,2007,VOLCADURA,5
AGOSTO,2007,OTROS,4
AGOSTO,2008,ATROPELLO,11
AGOSTO,2008,ATROPELLO Y FUGA,6
AGOSTO,2008,CHOQUE,73
AGOSTO,2008,DESPISTE,54
AGOSTO,2008,INCENDIO DE VEHÍCULO,0
AGOSTO,2008,VOLCADURA,1
AGOSTO,2008,OTROS,9
AGOSTO,2009,ATROPELLO,11
AGOSTO,2009,ATROPELLO Y FUGA,10
AGOSTO,2009,CHOQUE,61
AGOSTO,2009,DESPISTE,71
AGOSTO,2009,INCENDIO DE VEHÍCULO,0
AGOSTO,2009,VOLCADURA,9
AGOSTO,2009,OTROS,4
AGOSTO,2010,ATROPELLO,12
AGOSTO,2010,ATROPELLO Y FUGA,1
AGOSTO,2010,CAIDA DE PASAJERO,0
AGOSTO,2010,CHOQUE,66
AGOSTO,2010,CHOQUE Y FUGA,0
AGOSTO,2010,DESPISTE,71
AGOSTO,2010,INCENDIO DE VEHÍCULO,0
AGOSTO,2010,VOLCADURA,1
AGOSTO,2010,ESPECIAL,4
AGOSTO,2010,OTROS,0
AGOSTO,2011,ATROPELLO,12
AGOSTO,2011,ATROPELLO Y FUGA,7
AGOSTO,2011,CAIDA DE PASAJERO,0
AGOSTO,2011,CHOQUE,83
AGOSTO,2011,CHOQUE Y FUGA,0
AGOSTO,2011,DESPISTE,99
AGOSTO,2011,INCENDIO DE VEHÍCULO,0
AGOSTO,2011,VOLCADURA,6
AGOSTO,2011,ESPECIAL,5
AGOSTO,2011,OTROS,0
AGOSTO,2012,ATROPELLO,7
AGOSTO,2012,ATROPELLO Y FUGA,4
AGOSTO,2012,CAIDA DE PASAJERO,0
AGOSTO,2012,CHOQUE,56
AGOSTO,2012,CHOQUE Y FUGA,0
AGOSTO,2012,DESPISTE,54
AGOSTO,2012,INCENDIO DE VEHÍCULO,0
AGOSTO,2012,VOLCADURA,1
AGOSTO,2012,ESPECIAL,6
AGOSTO,2012,OTROS,0
AGOSTO,2013,ATROPELLO,11
AGOSTO,2013,ATROPELLO Y FUGA,3
AGOSTO,2013,CAIDA DE PASAJERO,0
AGOSTO,2013,CHOQUE,91
AGOSTO,2013,CHOQUE Y FUGA,0
AGOSTO,2013,DESPISTE,93
AGOSTO,2013,INCENDIO DE VEHÍCULO,0
AGOSTO,2013,VOLCADURA,9
AGOSTO,2013,ESPECIAL,8
AGOSTO,2013,OTROS,0
AGOSTO,2014,ATROPELLO,14
AGOSTO,2014,ATROPELLO Y FUGA,2
AGOSTO,2014,CAIDA DE PASAJERO,0
AGOSTO,2014,CHOQUE,74
AGOSTO,2014,CHOQUE Y FUGA,0
AGOSTO,2014,DESPISTE,99
AGOSTO,2014,INCENDIO DE VEHÍCULO,0
AGOSTO,2014,VOLCADURA,5
AGOSTO,2014,ESPECIAL,3
AGOSTO,2014,OTROS,0
AGOSTO,2015,ATROPELLO,14
AGOSTO,2015,ATROPELLO Y FUGA,1
AGOSTO,2015,CAIDA DE PASAJERO,0
AGOSTO,2015,CHOQUE,86
AGOSTO,2015,CHOQUE Y FUGA,0
AGOSTO,2015,DESPISTE,89
AGOSTO,2015,INCENDIO DE VEHÍCULO,0
AGOSTO,2015,VOLCADURA,7
AGOSTO,2015,ESPECIAL,3
AGOSTO,2015,OTROS,0
AGOSTO,2016,ATROPELLO,19
AGOSTO,2016,ATROPELLO Y FUGA,5
AGOSTO,2016,CAIDA DE PASAJERO,0
AGOSTO,2016,CHOQUE,90
AGOSTO,2016,CHOQUE Y FUGA,0
AGOSTO,2016,DESPISTE,78
AGOSTO,2016,INCENDIO DE VEHÍCULO,0
AGOSTO,2016,VOLCADURA,11
AGOSTO,2016,ESPECIAL,5
AGOSTO,2016,OTROS,0
AGOSTO,2017,ATROPELLO,16
AGOSTO,2017,ATROPELLO Y FUGA,7
AGOSTO,2017,CAIDA DE PASAJERO,0
AGOSTO,2017,CHOQUE,130
AGOSTO,2017,CHOQUE Y FUGA,0
AGOSTO,2017,DESPISTE,96
AGOSTO,2017,INCENDIO DE VEHÍCULO,0
AGOSTO,2017,VOLCADURA,14
AGOSTO,2017,ESPECIAL,4
AGOSTO,2017,OTROS,0
AGOSTO,2018,ATROPELLO,10
AGOSTO,2018,ATROPELLO Y FUGA,9
AGOSTO,2018,CAIDA,0
AGOSTO,2018,CHOQUE,155
AGOSTO,2018,CHOQUE Y ATROPELLO,0
AGOSTO,2018,CHOQUE Y FUGA,7
AGOSTO,2018,COLISIÓN,0
AGOSTO,2018,COLISIÓN Y FUGA,0
AGOSTO,2018,DESPISTE,93
AGOSTO,2018,DESPISTE Y VOLCADURA,56
AGOSTO,2018,INCENDIO DE VEHÍCULO,3
AGOSTO,2018,VOLCADURA,3
AGOSTO,2018,OTROS,5
AGOSTO,2019,ATROPELLO,8
AGOSTO,2019,ATROPELLO Y FUGA,13
AGOSTO,2019,CAIDA,7
AGOSTO,2019,CHOQUE,126
AGOSTO,2019,CHOQUE Y ATROPELLO,5
AGOSTO,2019,CHOQUE Y FUGA,0
AGOSTO,2019,COLISIÓN,0
AGOSTO,2019,COLISIÓN Y FUGA,0
AGOSTO,2019,DESPISTE,99
AGOSTO,2019,DESPISTE Y VOLCADURA,53
AGOSTO,2019,INCENDIO DE VEHÍCULO,3
AGOSTO,2019,VOLCADURA,7
AGOSTO,2019,OTROS,0
AGOSTO,2020,ATROPELLO,13
AGOSTO,2020,ATROPELLO Y FUGA,2
AGOSTO,2020,CAIDA,5
AGOSTO,2020,CHOQUE,106
AGOSTO,2020,CHOQUE Y ATROPELLO,0
AGOSTO,2020,CHOQUE Y FUGA,3
AGOSTO,2020,COLISIÓN,0
AGOSTO,2020,COLISIÓN Y FUGA,0
AGOSTO,2020,DESPISTE,67
AGOSTO,2020,DESPISTE Y VOLCADURA,50
AGOSTO,2020,INCENDIO DE VEHÍCULO,6
AGOSTO,2020,VOLCADURA,0
AGOSTO,2020,OTROS,3
AGOSTO,2020,ATROPELLO,13
AGOSTO,2020,ATROPELLO Y FUGA,2
AGOSTO,2020,CAIDA,5
AGOSTO,2020,CHOQUE,106
AGOSTO,2020,CHOQUE Y ATROPELLO,0
AGOSTO,2020,CHOQUE Y FUGA,3
AGOSTO,2020,COLISIÓN,0
AGOSTO,2020,COLISIÓN Y FUGA,0
AGOSTO,2020,DESPISTE,67
AGOSTO,2020,DESPISTE Y VOLCADURA,50
AGOSTO,2020,INCENDIO DE VEHÍCULO,6
AGOSTO,2020,VOLCADURA,0
AGOSTO,2020,OTROS,3
AGOSTO,2021,ATROPELLO,15
AGOSTO,2021,ATROPELLO Y FUGA,11
AGOSTO,2021,CAIDA,5
AGOSTO,2021,CHOQUE,237
AGOSTO,2021,CHOQUE Y ATROPELLO,0
AGOSTO,2021,CHOQUE Y FUGA,10
AGOSTO,2021,COLISIÓN,0
AGOSTO,2021,COLISIÓN Y FUGA,0
AGOSTO,2021,DESPISTE,137
AGOSTO,2021,DESPISTE Y VOLCADURA,89
AGOSTO,2021,INCENDIO DE VEHÍCULO,1
AGOSTO,2021,VOLCADURA,1
AGOSTO,2021,OTROS,5
AGOSTO,2022,ATROPELLO,12
AGOSTO,2022,ATROPELLO Y FUGA,5
AGOSTO,2022,CAIDA DE CARGA,1
AGOSTO,2022,CAIDA DE PASAJERO,0
AGOSTO,2022,CAIDA DE PIEDAS,0
AGOSTO,2022,CHOQUE,171
AGOSTO,2022,CHOQUE Y ATROPELLO,0
AGOSTO,2022,CHOQUE Y FUGA,3
AGOSTO,2022,COLISIÓN,0
AGOSTO,2022,COLISIÓN Y FUGA,0
AGOSTO,2022,DESPISTE,133
AGOSTO,2022,DESPISTE Y VOLCADURA,51
AGOSTO,2022,INCENDIO DE VEHÍCULO,1
AGOSTO,2022,VOLCADURA,10
AGOSTO,2022,OTROS,0
SETIEMBRE,2007,ATROPELLO,13
SETIEMBRE,2007,ATROPELLO Y FUGA,7
SETIEMBRE,2007,CHOQUE,76
SETIEMBRE,2007,DESPISTE,61
SETIEMBRE,2007,INCENDIO DE VEHÍCULO,0
SETIEMBRE,2007,VOLCADURA,7
SETIEMBRE,2007,OTROS,5
SETIEMBRE,2008,ATROPELLO,8
SETIEMBRE,2008,ATROPELLO Y FUGA,2
SETIEMBRE,2008,CHOQUE,53
SETIEMBRE,2008,DESPISTE,66
SETIEMBRE,2008,INCENDIO DE VEHÍCULO,0
SETIEMBRE,2008,VOLCADURA,9
SETIEMBRE,2008,OTROS,5
SETIEMBRE,2009,ATROPELLO,10
SETIEMBRE,2009,ATROPELLO Y FUGA,3
SETIEMBRE,2009,CHOQUE,57
SETIEMBRE,2009,DESPISTE,50
SETIEMBRE,2009,INCENDIO DE VEHÍCULO,0
SETIEMBRE,2009,VOLCADURA,6
SETIEMBRE,2009,OTROS,9
SETIEMBRE,2010,ATROPELLO,10
SETIEMBRE,2010,ATROPELLO Y FUGA,3
SETIEMBRE,2010,CAIDA DE PASAJERO,0
SETIEMBRE,2010,CHOQUE,80
SETIEMBRE,2010,CHOQUE Y FUGA,0
SETIEMBRE,2010,DESPISTE,60
SETIEMBRE,2010,INCENDIO DE VEHÍCULO,0
SETIEMBRE,2010,VOLCADURA,2
SETIEMBRE,2010,ESPECIAL,5
SETIEMBRE,2010,OTROS,0
SETIEMBRE,2011,ATROPELLO,15
SETIEMBRE,2011,ATROPELLO Y FUGA,9
SETIEMBRE,2011,CAIDA DE PASAJERO,0
SETIEMBRE,2011,CHOQUE,87
SETIEMBRE,2011,CHOQUE Y FUGA,0
SETIEMBRE,2011,DESPISTE,86
SETIEMBRE,2011,INCENDIO DE VEHÍCULO,0
SETIEMBRE,2011,VOLCADURA,2
SETIEMBRE,2011,ESPECIAL,5
SETIEMBRE,2011,OTROS,0
SETIEMBRE,2012,ATROPELLO,8
SETIEMBRE,2012,ATROPELLO Y FUGA,5
SETIEMBRE,2012,CAIDA DE PASAJERO,0
SETIEMBRE,2012,CHOQUE,67
SETIEMBRE,2012,CHOQUE Y FUGA,0
SETIEMBRE,2012,DESPISTE,61
SETIEMBRE,2012,INCENDIO DE VEHÍCULO,0
SETIEMBRE,2012,VOLCADURA,2
SETIEMBRE,2012,ESPECIAL,6
SETIEMBRE,2012,OTROS,0
SETIEMBRE,2013,ATROPELLO,15
SETIEMBRE,2013,ATROPELLO Y FUGA,3
SETIEMBRE,2013,CAIDA DE PASAJERO,0
SETIEMBRE,2013,CHOQUE,84
SETIEMBRE,2013,CHOQUE Y FUGA,0
SETIEMBRE,2013,DESPISTE,95
SETIEMBRE,2013,INCENDIO DE VEHÍCULO,0
SETIEMBRE,2013,VOLCADURA,9
SETIEMBRE,2013,ESPECIAL,4
SETIEMBRE,2013,OTROS,0
SETIEMBRE,2014,ATROPELLO,8
SETIEMBRE,2014,ATROPELLO Y FUGA,4
SETIEMBRE,2014,CAIDA DE PASAJERO,0
SETIEMBRE,2014,CHOQUE,85
SETIEMBRE,2014,CHOQUE Y FUGA,0
SETIEMBRE,2014,DESPISTE,84
SETIEMBRE,2014,INCENDIO DE VEHÍCULO,0
SETIEMBRE,2014,VOLCADURA,4
SETIEMBRE,2014,ESPECIAL,3
SETIEMBRE,2014,OTROS,0
SETIEMBRE,2015,ATROPELLO,7
SETIEMBRE,2015,ATROPELLO Y FUGA,1
SETIEMBRE,2015,CAIDA DE PASAJERO,0
SETIEMBRE,2015,CHOQUE,62
SETIEMBRE,2015,CHOQUE Y FUGA,0
SETIEMBRE,2015,DESPISTE,60
SETIEMBRE,2015,INCENDIO DE VEHÍCULO,0
SETIEMBRE,2015,VOLCADURA,4
SETIEMBRE,2015,ESPECIAL,7
SETIEMBRE,2015,OTROS,0
SETIEMBRE,2016,ATROPELLO,12
SETIEMBRE,2016,ATROPELLO Y FUGA,4
SETIEMBRE,2016,CAIDA DE PASAJERO,0
SETIEMBRE,2016,CHOQUE,108
SETIEMBRE,2016,CHOQUE Y FUGA,0
SETIEMBRE,2016,DESPISTE,120
SETIEMBRE,2016,INCENDIO DE VEHÍCULO,0
SETIEMBRE,2016,VOLCADURA,8
SETIEMBRE,2016,ESPECIAL,7
SETIEMBRE,2016,OTROS,0
SETIEMBRE,2017,ATROPELLO,10
SETIEMBRE,2017,ATROPELLO Y FUGA,4
SETIEMBRE,2017,CAIDA DE PASAJERO,0
SETIEMBRE,2017,CHOQUE,92
SETIEMBRE,2017,CHOQUE Y FUGA,0
SETIEMBRE,2017,DESPISTE,109
SETIEMBRE,2017,INCENDIO DE VEHÍCULO,0
SETIEMBRE,2017,VOLCADURA,8
SETIEMBRE,2017,ESPECIAL,2
SETIEMBRE,2017,OTROS,0
SETIEMBRE,2018,ATROPELLO,21
SETIEMBRE,2018,ATROPELLO Y FUGA,6
SETIEMBRE,2018,CAIDA,0
SETIEMBRE,2018,CHOQUE,134
SETIEMBRE,2018,CHOQUE Y ATROPELLO,0
SETIEMBRE,2018,CHOQUE Y FUGA,7
SETIEMBRE,2018,COLISIÓN,0
SETIEMBRE,2018,COLISIÓN Y FUGA,0
SETIEMBRE,2018,DESPISTE,97
SETIEMBRE,2018,DESPISTE Y VOLCADURA,47
SETIEMBRE,2018,INCENDIO DE VEHÍCULO,4
SETIEMBRE,2018,VOLCADURA,8
SETIEMBRE,2018,OTROS,0
SETIEMBRE,2019,ATROPELLO,12
SETIEMBRE,2019,ATROPELLO Y FUGA,11
SETIEMBRE,2019,CAIDA,2
SETIEMBRE,2019,CHOQUE,144
SETIEMBRE,2019,CHOQUE Y ATROPELLO,9
SETIEMBRE,2019,CHOQUE Y FUGA,0
SETIEMBRE,2019,COLISIÓN,0
SETIEMBRE,2019,COLISIÓN Y FUGA,0
SETIEMBRE,2019,DESPISTE,110
SETIEMBRE,2019,DESPISTE Y VOLCADURA,34
SETIEMBRE,2019,INCENDIO DE VEHÍCULO,2
SETIEMBRE,2019,VOLCADURA,5
SETIEMBRE,2019,OTROS,0
SETIEMBRE,2020,ATROPELLO,4
SETIEMBRE,2020,ATROPELLO Y FUGA,3
SETIEMBRE,2020,CAIDA,0
SETIEMBRE,2020,CHOQUE,115
SETIEMBRE,2020,CHOQUE Y ATROPELLO,0
SETIEMBRE,2020,CHOQUE Y FUGA,5
SETIEMBRE,2020,COLISIÓN,0
SETIEMBRE,2020,COLISIÓN Y FUGA,0
SETIEMBRE,2020,DESPISTE,92
SETIEMBRE,2020,DESPISTE Y VOLCADURA,52
SETIEMBRE,2020,INCENDIO DE VEHÍCULO,3
SETIEMBRE,2020,VOLCADURA,0
SETIEMBRE,2020,OTROS,8
SETIEMBRE,2020,ATROPELLO,4
SETIEMBRE,2020,ATROPELLO Y FUGA,3
SETIEMBRE,2020,CAIDA,0
SETIEMBRE,2020,CHOQUE,115
SETIEMBRE,2020,CHOQUE Y ATROPELLO,0
SETIEMBRE,2020,CHOQUE Y FUGA,5
SETIEMBRE,2020,COLISIÓN,0
SETIEMBRE,2020,COLISIÓN Y FUGA,0
SETIEMBRE,2020,DESPISTE,92
SETIEMBRE,2020,DESPISTE Y VOLCADURA,52
SETIEMBRE,2020,INCENDIO DE VEHÍCULO,3
SETIEMBRE,2020,VOLCADURA,0
SETIEMBRE,2020,OTROS,8
SETIEMBRE,2021,ATROPELLO,11
SETIEMBRE,2021,ATROPELLO Y FUGA,6
SETIEMBRE,2021,CAIDA,1
SETIEMBRE,2021,CHOQUE,195
SETIEMBRE,2021,CHOQUE Y ATROPELLO,0
SETIEMBRE,2021,CHOQUE Y FUGA,11
SETIEMBRE,2021,COLISIÓN,0
SETIEMBRE,2021,COLISIÓN Y FUGA,0
SETIEMBRE,2021,DESPISTE,132
SETIEMBRE,2021,DESPISTE Y VOLCADURA,78
SETIEMBRE,2021,INCENDIO DE VEHÍCULO,8
SETIEMBRE,2021,VOLCADURA,0
SETIEMBRE,2021,OTROS,10
SETIEMBRE,2022,ATROPELLO,24
SETIEMBRE,2022,ATROPELLO Y FUGA,3
SETIEMBRE,2022,CAIDA DE CARGA,0
SETIEMBRE,2022,CAIDA DE PASAJERO,0
SETIEMBRE,2022,CAIDA DE PIEDAS,0
SETIEMBRE,2022,CHOQUE,130
SETIEMBRE,2022,CHOQUE Y ATROPELLO,0
SETIEMBRE,2022,CHOQUE Y FUGA,8
SETIEMBRE,2022,COLISIÓN,0
SETIEMBRE,2022,COLISIÓN Y FUGA,0
SETIEMBRE,2022,DESPISTE,127
SETIEMBRE,2022,DESPISTE Y VOLCADURA,18
SETIEMBRE,2022,INCENDIO DE VEHÍCULO,3
SETIEMBRE,2022,VOLCADURA,2
SETIEMBRE,2022,OTROS,0
OCTUBRE,2007,ATROPELLO,10
OCTUBRE,2007,ATROPELLO Y FUGA,10
OCTUBRE,2007,CHOQUE,75
OCTUBRE,2007,DESPISTE,67
OCTUBRE,2007,INCENDIO DE VEHÍCULO,0
OCTUBRE,2007,VOLCADURA,3
OCTUBRE,2007,OTROS,3
OCTUBRE,2008,ATROPELLO,9
OCTUBRE,2008,ATROPELLO Y FUGA,6
OCTUBRE,2008,CHOQUE,70
OCTUBRE,2008,DESPISTE,54
OCTUBRE,2008,INCENDIO DE VEHÍCULO,0
OCTUBRE,2008,VOLCADURA,4
OCTUBRE,2008,OTROS,10
OCTUBRE,2009,ATROPELLO,10
OCTUBRE,2009,ATROPELLO Y FUGA,3
OCTUBRE,2009,CHOQUE,67
OCTUBRE,2009,DESPISTE,74
OCTUBRE,2009,INCENDIO DE VEHÍCULO,0
OCTUBRE,2009,VOLCADURA,4
OCTUBRE,2009,OTROS,5
OCTUBRE,2010,ATROPELLO,11
OCTUBRE,2010,ATROPELLO Y FUGA,1
OCTUBRE,2010,CAIDA DE PASAJERO,0
OCTUBRE,2010,CHOQUE,66
OCTUBRE,2010,CHOQUE Y FUGA,0
OCTUBRE,2010,DESPISTE,63
OCTUBRE,2010,INCENDIO DE VEHÍCULO,0
OCTUBRE,2010,VOLCADURA,6
OCTUBRE,2010,ESPECIAL,6
OCTUBRE,2010,OTROS,0
OCTUBRE,2011,ATROPELLO,11
OCTUBRE,2011,ATROPELLO Y FUGA,3
OCTUBRE,2011,CAIDA DE PASAJERO,0
OCTUBRE,2011,CHOQUE,71
OCTUBRE,2011,CHOQUE Y FUGA,0
OCTUBRE,2011,DESPISTE,77
OCTUBRE,2011,INCENDIO DE VEHÍCULO,0
OCTUBRE,2011,VOLCADURA,6
OCTUBRE,2011,ESPECIAL,9
OCTUBRE,2011,OTROS,0
OCTUBRE,2012,ATROPELLO,7
OCTUBRE,2012,ATROPELLO Y FUGA,1
OCTUBRE,2012,CAIDA DE PASAJERO,0
OCTUBRE,2012,CHOQUE,87
OCTUBRE,2012,CHOQUE Y FUGA,0
OCTUBRE,2012,DESPISTE,65
OCTUBRE,2012,INCENDIO DE VEHÍCULO,0
OCTUBRE,2012,VOLCADURA,3
OCTUBRE,2012,ESPECIAL,8
OCTUBRE,2012,OTROS,0
OCTUBRE,2013,ATROPELLO,7
OCTUBRE,2013,ATROPELLO Y FUGA,5
OCTUBRE,2013,CAIDA DE PASAJERO,0
OCTUBRE,2013,CHOQUE,82
OCTUBRE,2013,CHOQUE Y FUGA,0
OCTUBRE,2013,DESPISTE,87
OCTUBRE,2013,INCENDIO DE VEHÍCULO,0
OCTUBRE,2013,VOLCADURA,8
OCTUBRE,2013,ESPECIAL,4
OCTUBRE,2013,OTROS,0
OCTUBRE,2014,ATROPELLO,12
OCTUBRE,2014,ATROPELLO Y FUGA,1
OCTUBRE,2014,CAIDA DE PASAJERO,0
OCTUBRE,2014,CHOQUE,54
OCTUBRE,2014,CHOQUE Y FUGA,0
OCTUBRE,2014,DESPISTE,47
OCTUBRE,2014,INCENDIO DE VEHÍCULO,0
OCTUBRE,2014,VOLCADURA,7
OCTUBRE,2014,ESPECIAL,1
OCTUBRE,2014,OTROS,0
OCTUBRE,2015,ATROPELLO,15
OCTUBRE,2015,ATROPELLO Y FUGA,3
OCTUBRE,2015,CAIDA DE PASAJERO,0
OCTUBRE,2015,CHOQUE,91
OCTUBRE,2015,CHOQUE Y FUGA,0
OCTUBRE,2015,DESPISTE,80
OCTUBRE,2015,INCENDIO DE VEHÍCULO,0
OCTUBRE,2015,VOLCADURA,6
OCTUBRE,2015,ESPECIAL,4
OCTUBRE,2015,OTROS,0
OCTUBRE,2016,ATROPELLO,13
OCTUBRE,2016,ATROPELLO Y FUGA,4
OCTUBRE,2016,CAIDA DE PASAJERO,0
OCTUBRE,2016,CHOQUE,107
OCTUBRE,2016,CHOQUE Y FUGA,0
OCTUBRE,2016,DESPISTE,128
OCTUBRE,2016,INCENDIO DE VEHÍCULO,0
OCTUBRE,2016,VOLCADURA,6
OCTUBRE,2016,ESPECIAL,7
OCTUBRE,2016,OTROS,0
OCTUBRE,2017,ATROPELLO,13
OCTUBRE,2017,ATROPELLO Y FUGA,12
OCTUBRE,2017,CAIDA DE PASAJERO,0
OCTUBRE,2017,CHOQUE,114
OCTUBRE,2017,CHOQUE Y FUGA,0
OCTUBRE,2017,DESPISTE,108
OCTUBRE,2017,INCENDIO DE VEHÍCULO,0
OCTUBRE,2017,VOLCADURA,13
OCTUBRE,2017,ESPECIAL,7
OCTUBRE,2017,OTROS,0
OCTUBRE,2018,ATROPELLO,13
OCTUBRE,2018,ATROPELLO Y FUGA,10
OCTUBRE,2018,CAIDA,0
OCTUBRE,2018,CHOQUE,150
OCTUBRE,2018,CHOQUE Y ATROPELLO,0
OCTUBRE,2018,CHOQUE Y FUGA,4
OCTUBRE,2018,COLISIÓN,0
OCTUBRE,2018,COLISIÓN Y FUGA,0
OCTUBRE,2018,DESPISTE,111
OCTUBRE,2018,DESPISTE Y VOLCADURA,51
OCTUBRE,2018,INCENDIO DE VEHÍCULO,3
OCTUBRE,2018,VOLCADURA,11
OCTUBRE,2018,OTROS,0
OCTUBRE,2019,ATROPELLO,19
OCTUBRE,2019,ATROPELLO Y FUGA,10
OCTUBRE,2019,CAIDA,2
OCTUBRE,2019,CHOQUE,144
OCTUBRE,2019,CHOQUE Y ATROPELLO,7
OCTUBRE,2019,CHOQUE Y FUGA,0
OCTUBRE,2019,COLISIÓN,0
OCTUBRE,2019,COLISIÓN Y FUGA,0
OCTUBRE,2019,DESPISTE,103
OCTUBRE,2019,DESPISTE Y VOLCADURA,53
OCTUBRE,2019,INCENDIO DE VEHÍCULO,2
OCTUBRE,2019,VOLCADURA,5
OCTUBRE,2019,OTROS,0
OCTUBRE,2020,ATROPELLO,9
OCTUBRE,2020,ATROPELLO Y FUGA,6
OCTUBRE,2020,CAIDA,3
OCTUBRE,2020,CHOQUE,137
OCTUBRE,2020,CHOQUE Y ATROPELLO,0
OCTUBRE,2020,CHOQUE Y FUGA,8
OCTUBRE,2020,COLISIÓN,0
OCTUBRE,2020,COLISIÓN Y FUGA,0
OCTUBRE,2020,DESPISTE,119
OCTUBRE,2020,DESPISTE Y VOLCADURA,59
OCTUBRE,2020,INCENDIO DE VEHÍCULO,1
OCTUBRE,2020,VOLCADURA,0
OCTUBRE,2020,OTROS,4
OCTUBRE,2020,ATROPELLO,9
OCTUBRE,2020,ATROPELLO Y FUGA,6
OCTUBRE,2020,CAIDA,3
OCTUBRE,2020,CHOQUE,137
OCTUBRE,2020,CHOQUE Y ATROPELLO,0
OCTUBRE,2020,CHOQUE Y FUGA,8
OCTUBRE,2020,COLISIÓN,0
OCTUBRE,2020,COLISIÓN Y FUGA,0
OCTUBRE,2020,DESPISTE,119
OCTUBRE,2020,DESPISTE Y VOLCADURA,59
OCTUBRE,2020,INCENDIO DE VEHÍCULO,1
OCTUBRE,2020,VOLCADURA,0
OCTUBRE,2020,OTROS,4
OCTUBRE,2021,ATROPELLO,21
OCTUBRE,2021,ATROPELLO Y FUGA,8
OCTUBRE,2021,CAIDA,1
OCTUBRE,2021,CHOQUE,229
OCTUBRE,2021,CHOQUE Y ATROPELLO,0
OCTUBRE,2021,CHOQUE Y FUGA,13
OCTUBRE,2021,COLISIÓN,0
OCTUBRE,2021,COLISIÓN Y FUGA,0
OCTUBRE,2021,DESPISTE,128
OCTUBRE,2021,DESPISTE Y VOLCADURA,91
OCTUBRE,2021,INCENDIO DE VEHÍCULO,4
OCTUBRE,2021,VOLCADURA,0
OCTUBRE,2021,OTROS,9
OCTUBRE,2022,ATROPELLO,10
OCTUBRE,2022,ATROPELLO Y FUGA,3
OCTUBRE,2022,CAIDA DE CARGA,0
OCTUBRE,2022,CAIDA DE PASAJERO,0
OCTUBRE,2022,CAIDA DE PIEDAS,0
OCTUBRE,2022,CHOQUE,158
OCTUBRE,2022,CHOQUE Y ATROPELLO,0
OCTUBRE,2022,CHOQUE Y FUGA,6
OCTUBRE,2022,COLISIÓN,0
OCTUBRE,2022,COLISIÓN Y FUGA,0
OCTUBRE,2022,DESPISTE,124
OCTUBRE,2022,DESPISTE Y VOLCADURA,45
OCTUBRE,2022,INCENDIO DE VEHÍCULO,0
OCTUBRE,2022,VOLCADURA,5
OCTUBRE,2022,OTROS,0
NOVIEMBRE,2007,ATROPELLO,11
NOVIEMBRE,2007,ATROPELLO Y FUGA,3
NOVIEMBRE,2007,CHOQUE,63
NOVIEMBRE,2007,DESPISTE,46
NOVIEMBRE,2007,INCENDIO DE VEHÍCULO,0
NOVIEMBRE,2007,VOLCADURA,2
NOVIEMBRE,2007,OTROS,4
NOVIEMBRE,2008,ATROPELLO,11
NOVIEMBRE,2008,ATROPELLO Y FUGA,1
NOVIEMBRE,2008,CHOQUE,50
NOVIEMBRE,2008,DESPISTE,53
NOVIEMBRE,2008,INCENDIO DE VEHÍCULO,0
NOVIEMBRE,2008,VOLCADURA,2
NOVIEMBRE,2008,OTROS,5
NOVIEMBRE,2009,ATROPELLO,13
NOVIEMBRE,2009,ATROPELLO Y FUGA,7
NOVIEMBRE,2009,CHOQUE,87
NOVIEMBRE,2009,DESPISTE,58
NOVIEMBRE,2009,INCENDIO DE VEHÍCULO,0
NOVIEMBRE,2009,VOLCADURA,11
NOVIEMBRE,2009,OTROS,10
NOVIEMBRE,2010,ATROPELLO,15
NOVIEMBRE,2010,ATROPELLO Y FUGA,5
NOVIEMBRE,2010,CAIDA DE PASAJERO,0
NOVIEMBRE,2010,CHOQUE,69
NOVIEMBRE,2010,CHOQUE Y FUGA,0
NOVIEMBRE,2010,DESPISTE,73
NOVIEMBRE,2010,INCENDIO DE VEHÍCULO,0
NOVIEMBRE,2010,VOLCADURA,2
NOVIEMBRE,2010,ESPECIAL,6
NOVIEMBRE,2010,OTROS,0
NOVIEMBRE,2011,ATROPELLO,11
NOVIEMBRE,2011,ATROPELLO Y FUGA,3
NOVIEMBRE,2011,CAIDA DE PASAJERO,0
NOVIEMBRE,2011,CHOQUE,69
NOVIEMBRE,2011,CHOQUE Y FUGA,0
NOVIEMBRE,2011,DESPISTE,86
NOVIEMBRE,2011,INCENDIO DE VEHÍCULO,0
NOVIEMBRE,2011,VOLCADURA,5
NOVIEMBRE,2011,ESPECIAL,8
NOVIEMBRE,2011,OTROS,0
NOVIEMBRE,2012,ATROPELLO,12
NOVIEMBRE,2012,ATROPELLO Y FUGA,1
NOVIEMBRE,2012,CAIDA DE PASAJERO,0
NOVIEMBRE,2012,CHOQUE,78
NOVIEMBRE,2012,CHOQUE Y FUGA,0
NOVIEMBRE,2012,DESPISTE,62
NOVIEMBRE,2012,INCENDIO DE VEHÍCULO,0
NOVIEMBRE,2012,VOLCADURA,7
NOVIEMBRE,2012,ESPECIAL,3
NOVIEMBRE,2012,OTROS,0
NOVIEMBRE,2013,ATROPELLO,19
NOVIEMBRE,2013,ATROPELLO Y FUGA,6
NOVIEMBRE,2013,CAIDA DE PASAJERO,0
NOVIEMBRE,2013,CHOQUE,81
NOVIEMBRE,2013,CHOQUE Y FUGA,0
NOVIEMBRE,2013,DESPISTE,86
NOVIEMBRE,2013,INCENDIO DE VEHÍCULO,0
NOVIEMBRE,2013,VOLCADURA,6
NOVIEMBRE,2013,ESPECIAL,6
NOVIEMBRE,2013,OTROS,0
NOVIEMBRE,2014,ATROPELLO,9
NOVIEMBRE,2014,ATROPELLO Y FUGA,3
NOVIEMBRE,2014,CAIDA DE PASAJERO,0
NOVIEMBRE,2014,CHOQUE,76
NOVIEMBRE,2014,CHOQUE Y FUGA,0
NOVIEMBRE,2014,DESPISTE,94
NOVIEMBRE,2014,INCENDIO DE VEHÍCULO,0
NOVIEMBRE,2014,VOLCADURA,8
NOVIEMBRE,2014,ESPECIAL,4
NOVIEMBRE,2014,OTROS,0
NOVIEMBRE,2015,ATROPELLO,7
NOVIEMBRE,2015,ATROPELLO Y FUGA,6
NOVIEMBRE,2015,CAIDA DE PASAJERO,0
NOVIEMBRE,2015,CHOQUE,78
NOVIEMBRE,2015,CHOQUE Y FUGA,0
NOVIEMBRE,2015,DESPISTE,72
NOVIEMBRE,2015,INCENDIO DE VEHÍCULO,0
NOVIEMBRE,2015,VOLCADURA,11
NOVIEMBRE,2015,ESPECIAL,2
NOVIEMBRE,2015,OTROS,0
NOVIEMBRE,2016,ATROPELLO,16
NOVIEMBRE,2016,ATROPELLO Y FUGA,4
NOVIEMBRE,2016,CAIDA DE PASAJERO,0
NOVIEMBRE,2016,CHOQUE,103
NOVIEMBRE,2016,CHOQUE Y FUGA,0
NOVIEMBRE,2016,DESPISTE,123
NOVIEMBRE,2016,INCENDIO DE VEHÍCULO,0
NOVIEMBRE,2016,VOLCADURA,5
NOVIEMBRE,2016,ESPECIAL,7
NOVIEMBRE,2016,OTROS,0
NOVIEMBRE,2017,ATROPELLO,13
NOVIEMBRE,2017,ATROPELLO Y FUGA,3
NOVIEMBRE,2017,CAIDA DE PASAJERO,0
NOVIEMBRE,2017,CHOQUE,114
NOVIEMBRE,2017,CHOQUE Y FUGA,0
NOVIEMBRE,2017,DESPISTE,120
NOVIEMBRE,2017,INCENDIO DE VEHÍCULO,0
NOVIEMBRE,2017,VOLCADURA,6
NOVIEMBRE,2017,ESPECIAL,8
NOVIEMBRE,2017,OTROS,0
NOVIEMBRE,2018,ATROPELLO,11
NOVIEMBRE,2018,ATROPELLO Y FUGA,8
NOVIEMBRE,2018,CAIDA,0
NOVIEMBRE,2018,CHOQUE,118
NOVIEMBRE,2018,CHOQUE Y ATROPELLO,0
NOVIEMBRE,2018,CHOQUE Y FUGA,4
NOVIEMBRE,2018,COLISIÓN,0
NOVIEMBRE,2018,COLISIÓN Y FUGA,0
NOVIEMBRE,2018,DESPISTE,108
NOVIEMBRE,2018,DESPISTE Y VOLCADURA,59
NOVIEMBRE,2018,INCENDIO DE VEHÍCULO,9
NOVIEMBRE,2018,VOLCADURA,5
NOVIEMBRE,2018,OTROS,1
NOVIEMBRE,2019,ATROPELLO,14
NOVIEMBRE,2019,ATROPELLO Y FUGA,4
NOVIEMBRE,2019,CAIDA,0
NOVIEMBRE,2019,CHOQUE,129
NOVIEMBRE,2019,CHOQUE Y ATROPELLO,0
NOVIEMBRE,2019,CHOQUE Y FUGA,0
NOVIEMBRE,2019,COLISIÓN,0
NOVIEMBRE,2019,COLISIÓN Y FUGA,0
NOVIEMBRE,2019,DESPISTE,125
NOVIEMBRE,2019,DESPISTE Y VOLCADURA,17
NOVIEMBRE,2019,INCENDIO DE VEHÍCULO,5
NOVIEMBRE,2019,VOLCADURA,6
NOVIEMBRE,2019,OTROS,5
NOVIEMBRE,2020,ATROPELLO,22
NOVIEMBRE,2020,ATROPELLO Y FUGA,2
NOVIEMBRE,2020,CAIDA,0
NOVIEMBRE,2020,CHOQUE,145
NOVIEMBRE,2020,CHOQUE Y ATROPELLO,0
NOVIEMBRE,2020,CHOQUE Y FUGA,0
NOVIEMBRE,2020,COLISIÓN,0
NOVIEMBRE,2020,COLISIÓN Y FUGA,0
NOVIEMBRE,2020,DESPISTE,144
NOVIEMBRE,2020,DESPISTE Y VOLCADURA,35
NOVIEMBRE,2020,INCENDIO DE VEHÍCULO,7
NOVIEMBRE,2020,VOLCADURA,0
NOVIEMBRE,2020,OTROS,10
NOVIEMBRE,2020,ATROPELLO,22
NOVIEMBRE,2020,ATROPELLO Y FUGA,2
NOVIEMBRE,2020,CAIDA,0
NOVIEMBRE,2020,CHOQUE,145
NOVIEMBRE,2020,CHOQUE Y ATROPELLO,0
NOVIEMBRE,2020,CHOQUE Y FUGA,0
NOVIEMBRE,2020,COLISIÓN,0
NOVIEMBRE,2020,COLISIÓN Y FUGA,0
NOVIEMBRE,2020,DESPISTE,144
NOVIEMBRE,2020,DESPISTE Y VOLCADURA,35
NOVIEMBRE,2020,INCENDIO DE VEHÍCULO,7
NOVIEMBRE,2020,VOLCADURA,0
NOVIEMBRE,2020,OTROS,10
NOVIEMBRE,2021,ATROPELLO,20
NOVIEMBRE,2021,ATROPELLO Y FUGA,12
NOVIEMBRE,2021,CAIDA,0
NOVIEMBRE,2021,CHOQUE,181
NOVIEMBRE,2021,CHOQUE Y ATROPELLO,0
NOVIEMBRE,2021,CHOQUE Y FUGA,6
NOVIEMBRE,2021,COLISIÓN,0
NOVIEMBRE,2021,COLISIÓN Y FUGA,0
NOVIEMBRE,2021,DESPISTE,132
NOVIEMBRE,2021,DESPISTE Y VOLCADURA,82
NOVIEMBRE,2021,INCENDIO DE VEHÍCULO,4
NOVIEMBRE,2021,VOLCADURA,1
NOVIEMBRE,2021,OTROS,5
NOVIEMBRE,2022,ATROPELLO,19
NOVIEMBRE,2022,ATROPELLO Y FUGA,4
NOVIEMBRE,2022,CAIDA DE CARGA,2
NOVIEMBRE,2022,CAIDA DE PASAJERO,0
NOVIEMBRE,2022,CAIDA DE PIEDAS,0
NOVIEMBRE,2022,CHOQUE,164
NOVIEMBRE,2022,CHOQUE Y ATROPELLO,0
NOVIEMBRE,2022,CHOQUE Y FUGA,5
NOVIEMBRE,2022,COLISIÓN,0
NOVIEMBRE,2022,COLISIÓN Y FUGA,0
NOVIEMBRE,2022,DESPISTE,146
NOVIEMBRE,2022,DESPISTE Y VOLCADURA,23
NOVIEMBRE,2022,INCENDIO DE VEHÍCULO,1
NOVIEMBRE,2022,VOLCADURA,3
NOVIEMBRE,2022,OTROS,0
DICIEMBRE,2007,ATROPELLO,13
DICIEMBRE,2007,ATROPELLO Y FUGA,3
DICIEMBRE,2007,CHOQUE,64
DICIEMBRE,2007,DESPISTE,75
DICIEMBRE,2007,INCENDIO DE VEHÍCULO,0
DICIEMBRE,2007,VOLCADURA,6
DICIEMBRE,2007,OTROS,7
DICIEMBRE,2008,ATROPELLO,14
DICIEMBRE,2008,ATROPELLO Y FUGA,5
DICIEMBRE,2008,CHOQUE,61
DICIEMBRE,2008,DESPISTE,62
DICIEMBRE,2008,INCENDIO DE VEHÍCULO,0
DICIEMBRE,2008,VOLCADURA,3
DICIEMBRE,2008,OTROS,9
DICIEMBRE,2009,ATROPELLO,9
DICIEMBRE,2009,ATROPELLO Y FUGA,0
DICIEMBRE,2009,CHOQUE,66
DICIEMBRE,2009,DESPISTE,69
DICIEMBRE,2009,INCENDIO DE VEHÍCULO,0
DICIEMBRE,2009,VOLCADURA,5
DICIEMBRE,2009,OTROS,6
DICIEMBRE,2010,ATROPELLO,13
DICIEMBRE,2010,ATROPELLO Y FUGA,3
DICIEMBRE,2010,CAIDA DE PASAJERO,0
DICIEMBRE,2010,CHOQUE,74
DICIEMBRE,2010,CHOQUE Y FUGA,0
DICIEMBRE,2010,DESPISTE,56
DICIEMBRE,2010,INCENDIO DE VEHÍCULO,0
DICIEMBRE,2010,VOLCADURA,1
DICIEMBRE,2010,ESPECIAL,2
DICIEMBRE,2010,OTROS,0
DICIEMBRE,2011,ATROPELLO,12
DICIEMBRE,2011,ATROPELLO Y FUGA,7
DICIEMBRE,2011,CAIDA DE PASAJERO,0
DICIEMBRE,2011,CHOQUE,91
DICIEMBRE,2011,CHOQUE Y FUGA,0
DICIEMBRE,2011,DESPISTE,85
DICIEMBRE,2011,INCENDIO DE VEHÍCULO,0
DICIEMBRE,2011,VOLCADURA,7
DICIEMBRE,2011,ESPECIAL,9
DICIEMBRE,2011,OTROS,0
DICIEMBRE,2012,ATROPELLO,16
DICIEMBRE,2012,ATROPELLO Y FUGA,5
DICIEMBRE,2012,CAIDA DE PASAJERO,0
DICIEMBRE,2012,CHOQUE,117
DICIEMBRE,2012,CHOQUE Y FUGA,0
DICIEMBRE,2012,DESPISTE,99
DICIEMBRE,2012,INCENDIO DE VEHÍCULO,0
DICIEMBRE,2012,VOLCADURA,5
DICIEMBRE,2012,ESPECIAL,5
DICIEMBRE,2012,OTROS,0
DICIEMBRE,2013,ATROPELLO,14
DICIEMBRE,2013,ATROPELLO Y FUGA,5
DICIEMBRE,2013,CAIDA DE PASAJERO,0
DICIEMBRE,2013,CHOQUE,95
DICIEMBRE,2013,CHOQUE Y FUGA,0
DICIEMBRE,2013,DESPISTE,103
DICIEMBRE,2013,INCENDIO DE VEHÍCULO,0
DICIEMBRE,2013,VOLCADURA,11
DICIEMBRE,2013,ESPECIAL,2
DICIEMBRE,2013,OTROS,0
DICIEMBRE,2014,ATROPELLO,10
DICIEMBRE,2014,ATROPELLO Y FUGA,5
DICIEMBRE,2014,CAIDA DE PASAJERO,0
DICIEMBRE,2014,CHOQUE,88
DICIEMBRE,2014,CHOQUE Y FUGA,0
DICIEMBRE,2014,DESPISTE,116
DICIEMBRE,2014,INCENDIO DE VEHÍCULO,0
DICIEMBRE,2014,VOLCADURA,13
DICIEMBRE,2014,ESPECIAL,7
DICIEMBRE,2014,OTROS,0
DICIEMBRE,2015,ATROPELLO,9
DICIEMBRE,2015,ATROPELLO Y FUGA,5
DICIEMBRE,2015,CAIDA DE PASAJERO,0
DICIEMBRE,2015,CHOQUE,100
DICIEMBRE,2015,CHOQUE Y FUGA,0
DICIEMBRE,2015,DESPISTE,93
DICIEMBRE,2015,INCENDIO DE VEHÍCULO,0
DICIEMBRE,2015,VOLCADURA,5
DICIEMBRE,2015,ESPECIAL,5
DICIEMBRE,2015,OTROS,0
DICIEMBRE,2016,ATROPELLO,8
DICIEMBRE,2016,ATROPELLO Y FUGA,5
DICIEMBRE,2016,CAIDA DE PASAJERO,0
DICIEMBRE,2016,CHOQUE,133
DICIEMBRE,2016,CHOQUE Y FUGA,0
DICIEMBRE,2016,DESPISTE,169
DICIEMBRE,2016,INCENDIO DE VEHÍCULO,0
DICIEMBRE,2016,VOLCADURA,8
DICIEMBRE,2016,ESPECIAL,8
DICIEMBRE,2016,OTROS,0
DICIEMBRE,2017,ATROPELLO,13
DICIEMBRE,2017,ATROPELLO Y FUGA,4
DICIEMBRE,2017,CAIDA DE PASAJERO,0
DICIEMBRE,2017,CHOQUE,126
DICIEMBRE,2017,CHOQUE Y FUGA,0
DICIEMBRE,2017,DESPISTE,126
DICIEMBRE,2017,INCENDIO DE VEHÍCULO,0
DICIEMBRE,2017,VOLCADURA,9
DICIEMBRE,2017,ESPECIAL,4
DICIEMBRE,2017,OTROS,0
DICIEMBRE,2018,ATROPELLO,6
DICIEMBRE,2018,ATROPELLO Y FUGA,7
DICIEMBRE,2018,CAIDA,0
DICIEMBRE,2018,CHOQUE,125
DICIEMBRE,2018,CHOQUE Y ATROPELLO,0
DICIEMBRE,2018,CHOQUE Y FUGA,6
DICIEMBRE,2018,COLISIÓN,0
DICIEMBRE,2018,COLISIÓN Y FUGA,0
DICIEMBRE,2018,DESPISTE,104
DICIEMBRE,2018,DESPISTE Y VOLCADURA,40
DICIEMBRE,2018,INCENDIO DE VEHÍCULO,2
DICIEMBRE,2018,VOLCADURA,6
DICIEMBRE,2018,OTROS,0
DICIEMBRE,2019,ATROPELLO,22
DICIEMBRE,2019,ATROPELLO Y FUGA,11
DICIEMBRE,2019,CAIDA,1
DICIEMBRE,2019,CHOQUE,173
DICIEMBRE,2019,CHOQUE Y ATROPELLO,8
DICIEMBRE,2019,CHOQUE Y FUGA,0
DICIEMBRE,2019,COLISIÓN,0
DICIEMBRE,2019,COLISIÓN Y FUGA,0
DICIEMBRE,2019,DESPISTE,118
DICIEMBRE,2019,DESPISTE Y VOLCADURA,79
DICIEMBRE,2019,INCENDIO DE VEHÍCULO,6
DICIEMBRE,2019,VOLCADURA,2
DICIEMBRE,2019,OTROS,0
DICIEMBRE,2020,ATROPELLO,11
DICIEMBRE,2020,ATROPELLO Y FUGA,8
DICIEMBRE,2020,CAIDA,2
DICIEMBRE,2020,CHOQUE,206
DICIEMBRE,2020,CHOQUE Y ATROPELLO,0
DICIEMBRE,2020,CHOQUE Y FUGA,10
DICIEMBRE,2020,COLISIÓN,0
DICIEMBRE,2020,COLISIÓN Y FUGA,0
DICIEMBRE,2020,DESPISTE,99
DICIEMBRE,2020,DESPISTE Y VOLCADURA,88
DICIEMBRE,2020,INCENDIO DE VEHÍCULO,5
DICIEMBRE,2020,VOLCADURA,0
DICIEMBRE,2020,OTROS,5
DICIEMBRE,2020,ATROPELLO,11
DICIEMBRE,2020,ATROPELLO Y FUGA,8
DICIEMBRE,2020,CAIDA,2
DICIEMBRE,2020,CHOQUE,206
DICIEMBRE,2020,CHOQUE Y ATROPELLO,0
DICIEMBRE,2020,CHOQUE Y FUGA,10
DICIEMBRE,2020,COLISIÓN,0
DICIEMBRE,2020,COLISIÓN Y FUGA,0
DICIEMBRE,2020,DESPISTE,99
DICIEMBRE,2020,DESPISTE Y VOLCADURA,88
DICIEMBRE,2020,INCENDIO DE VEHÍCULO,5
DICIEMBRE,2020,VOLCADURA,0
DICIEMBRE,2020,OTROS,5
DICIEMBRE,2021,ATROPELLO,12
DICIEMBRE,2021,ATROPELLO Y FUGA,4
DICIEMBRE,2021,CAIDA,0
DICIEMBRE,2021,CHOQUE,194
DICIEMBRE,2021,CHOQUE Y ATROPELLO,0
DICIEMBRE,2021,CHOQUE Y FUGA,8
DICIEMBRE,2021,COLISIÓN,0
DICIEMBRE,2021,COLISIÓN Y FUGA,0
DICIEMBRE,2021,DESPISTE,112
DICIEMBRE,2021,DESPISTE Y VOLCADURA,102
DICIEMBRE,2021,INCENDIO DE VEHÍCULO,5
DICIEMBRE,2021,VOLCADURA,0
DICIEMBRE,2021,OTROS,9
DICIEMBRE,2022,ATROPELLO,14
DICIEMBRE,2022,ATROPELLO Y FUGA,4
DICIEMBRE,2022,CAIDA DE CARGA,1
DICIEMBRE,2022,CAIDA DE PASAJERO,0
DICIEMBRE,2022,CAIDA DE PIEDAS,0
DICIEMBRE,2022,CHOQUE,185
DICIEMBRE,2022,CHOQUE Y ATROPELLO,0
DICIEMBRE,2022,CHOQUE Y FUGA,7
DICIEMBRE,2022,COLISIÓN,0
DICIEMBRE,2022,COLISIÓN Y FUGA,0
DICIEMBRE,2022,DESPISTE,145
DICIEMBRE,2022,DESPISTE Y VOLCADURA,38
DICIEMBRE,2022,INCENDIO DE VEHÍCULO,2
DICIEMBRE,2022,VOLCADURA,3
DICIEMBRE,2022,OTROS,0
